Nuc_name,Nuc_posX,Nuc_posY,Nuc_posZ,Nuc_aa,Nuc_aaID,Acid_name,Acid_posX,Acid_posY,Acid_posZ,Acid_aa,Acid_aaID,Base_name,Base_posX,Base_posY,Base_posZ,Base_aa,Base_aaID,Dist_Nuc_Acid,Dist_Acid_Base,Dist_Base_Nuc,Angle_Nuc,Angle_Acid,Angle_Base
OG,8.788,35.368,48.362,SER,10,OD1,20.583,9.065,43.891,ASP,2,CG,15.478,19.213,38.168,HIS,61,29.171215,12.7198925,20.240004,21.481803897002017,35.64137194907504,122.87682287237635
OG,8.788,35.368,48.362,SER,10,OD2,20.018,8.696,45.978,ASP,2,CG,15.478,19.213,38.168,HIS,61,29.037767,13.864162,20.240004,25.534876919882134,38.998224264685696,115.46688324388693
OG,8.788,35.368,48.362,SER,10,OD1,0.193,14.971,40.104,ASP,94,CG,15.478,19.213,38.168,HIS,61,23.624271,15.980422,20.240004,41.846418964425204,57.66778914369481,80.48579593913772
OG,8.788,35.368,48.362,SER,10,OD2,1.091,16.902,39.568,ASP,94,CG,15.478,19.213,38.168,HIS,61,21.853405,14.638528,20.240004,40.473296938926865,63.82763150146342,75.69907659572559
OG,8.788,35.368,48.362,SER,10,OD1,14.224,46.092,58.074,ASP,153,CG,10.051,37.435,53.227,HIS,157,15.455653,10.763408,5.4346943,24.749988782352396,12.203872095791564,143.04614702637468
OG,8.788,35.368,48.362,SER,10,OD2,13.437,47.922,57.155,ASP,153,CG,10.051,37.435,53.227,HIS,157,16.016645,11.699202,5.4346943,31.01772189858438,13.849744587499165,135.1325404345436
OG,8.788,35.368,48.362,SER,10,OD1,9.545,40.683,56.024,ASP,154,CG,10.051,37.435,53.227,HIS,157,9.355666,4.316099,5.4346943,14.535082406574002,18.422243303890106,147.04268187417827
OG,8.788,35.368,48.362,SER,10,OD2,23.47,39.697,59.774,ASP,161,CG,10.051,37.435,53.227,HIS,157,19.0928,15.101303,5.4346943,36.86995327685804,12.470079524397352,130.6599764233943
OG,8.788,35.368,48.362,SER,10,OD2,3.85,5.587,55.408,ASP,133,CG,20.23,9.472,45.02,ASP,2,30.998999,19.781511,28.507738,38.54572402883576,63.899618279824374,77.5546536247966
OG,8.788,35.368,48.362,SER,10,OD1,-0.978,29.331,48.115,ASP,74,CG,6.785,30.437,49.744,ASP,9,11.483952,8.00881,5.4987903,39.12481294267149,25.673869590221166,115.20131437125619
OG,8.788,35.368,48.362,SER,10,OD2,-2.341,27.714,48.732,ASP,74,CG,6.785,30.437,49.744,ASP,9,13.51204,9.577199,5.4987903,35.42568834617435,19.43920891650475,125.1350997061246
OG,8.788,35.368,48.362,SER,10,OD2,1.091,16.902,39.568,ASP,94,CG,6.785,30.437,49.744,ASP,9,21.853405,17.865297,5.4987903,38.288358994024655,10.9944360742258,130.71719915146986
OG,8.788,35.368,48.362,SER,10,OD1,20.583,9.065,43.891,ASP,2,CG,27.715,26.219,48.245,ASP,29,29.171215,19.080944,21.022589,40.77386433402577,46.01578014449467,93.21034650507843
OG,8.788,35.368,48.362,SER,10,OD2,20.018,8.696,45.978,ASP,2,CG,27.715,26.219,48.245,ASP,29,29.037767,19.272741,21.022589,41.54926707225953,46.34289071331345,92.10783924483007
OG,8.788,35.368,48.362,SER,10,OD1,0.193,14.971,40.104,ASP,94,CG,5.538,30.222,42.494,ASP,45,23.624271,16.336283,8.454421,24.769432770240442,12.522664960672465,142.70789778162796
OG,8.788,35.368,48.362,SER,10,OD2,1.091,16.902,39.568,ASP,94,CG,5.538,30.222,42.494,ASP,45,21.853405,14.344325,8.454421,21.716852421504456,12.596678296177325,145.68644780651007
OG,8.788,35.368,48.362,SER,10,OD1,0.193,14.971,40.104,ASP,94,CG,-1.977,28.911,48.741,ASP,74,23.624271,16.541773,12.558731,41.82232698507325,30.415080268796,107.76259028603347
OG,8.788,35.368,48.362,SER,10,OD1,3.344,6.89,57.097,ASP,133,CG,1.137,15.788,40.133,ASP,94,30.280916,19.282701,22.575,39.51385936190793,48.15048320356073,92.33565592296947
OG,8.788,35.368,48.362,SER,10,OD2,3.85,5.587,55.408,ASP,133,CG,1.137,15.788,40.133,ASP,94,30.998999,18.567348,22.575,36.44902744947071,46.248176516251895,97.3027962682885
OG,8.788,35.368,48.362,SER,10,OD2,23.47,39.697,59.774,ASP,161,CG,13.331,46.717,57.467,ASP,153,19.0928,12.545993,15.242692,40.97103429381366,52.80777684454708,86.22119370021889
OG,8.788,35.368,48.362,SER,10,OD1,14.224,46.092,58.074,ASP,153,CG,9.051,41.39,55.123,ASP,154,15.455653,7.58796,9.057858,19.85585409972134,23.919375274621945,136.22479110069185
OG,8.788,35.368,48.362,SER,10,OD2,13.437,47.922,57.155,ASP,153,CG,9.051,41.39,55.123,ASP,154,16.016645,8.126073,9.057858,20.063395080521673,22.48224901586134,137.45436315057182
OG,8.788,35.368,48.362,SER,10,OD1,24.974,24.845,58.71,ASP,168,CG,23.349,38.828,58.88,ASP,161,21.904366,14.078132,18.292696,39.739281678140976,56.16872880252095,84.09199419269798
OG,8.788,35.368,48.362,SER,10,OD2,24.95,26.318,60.337,ASP,168,CG,23.349,38.828,58.88,ASP,161,22.057049,12.6959095,18.292696,35.13317890671746,56.01352321425604,88.8532992984986
OG,8.788,35.368,48.362,SER,10,OD1,20.583,9.065,43.891,ASP,2,CG,8.761,26.255,52.391,GLU,69,29.171215,22.527887,9.963952,40.394515912564124,16.65616338387746,122.94933268989813
OG,8.788,35.368,48.362,SER,10,OD2,20.018,8.696,45.978,ASP,2,CG,8.761,26.255,52.391,GLU,69,29.037767,21.821205,9.963952,36.30880735709394,15.686910029459881,128.0042881472343
OG,8.788,35.368,48.362,SER,10,OD1,3.344,6.89,57.097,ASP,133,CG,-6.436,19.623,52.199,GLU,85,30.280916,16.785948,22.235058,32.98333308234848,46.14689210812116,100.86978400530329
OG,8.788,35.368,48.362,SER,10,OD2,3.85,5.587,55.408,ASP,133,CG,-6.436,19.623,52.199,GLU,85,30.998999,17.69488,22.235058,34.046459939136064,44.70977739694427,101.2437684706742
OG,8.788,35.368,48.362,SER,10,OD1,20.583,9.065,43.891,ASP,2,CG,10.866,8.906,48.856,GLU,101,29.171215,10.913138,26.548061,21.943876418052838,65.37908885817247,92.67703907808647
OG,8.788,35.368,48.362,SER,10,OD2,20.018,8.696,45.978,ASP,2,CG,10.866,8.906,48.856,GLU,101,29.037767,9.5961485,26.548061,19.214385500473966,65.57123687010288,95.21438326798008
OG,8.788,35.368,48.362,SER,10,OD1,3.344,6.89,57.097,ASP,133,CG,10.866,8.906,48.856,GLU,101,30.280916,11.33838,26.548061,21.76583705611894,60.25435048378867,97.97981340129
OG,8.788,35.368,48.362,SER,10,OD2,3.85,5.587,55.408,ASP,133,CG,10.866,8.906,48.856,GLU,101,30.998999,10.157202,26.548061,18.312837722152594,55.20954383075662,106.47760238479394
OG,8.788,35.368,48.362,SER,10,OD1,3.344,6.89,57.097,ASP,133,CG,-4.369,11.475,52.425,GLU,131,30.280916,10.116333,27.576984,19.421100767290252,65.01432102635647,95.56457707447291
OG,8.788,35.368,48.362,SER,10,OD2,3.85,5.587,55.408,ASP,133,CG,-4.369,11.475,52.425,GLU,131,30.998999,10.54129,27.576984,19.634256707775084,61.527439510880974,98.83830104633876
OG,8.788,35.368,48.362,SER,10,OD1,24.974,24.845,58.71,ASP,168,CG,13.98,27.043,65.636,GLU,143,21.904366,13.178345,19.865892,36.36809308069418,63.36524667368762,80.26665946122525
OG,8.788,35.368,48.362,SER,10,OD2,24.95,26.318,60.337,ASP,168,CG,13.98,27.043,65.636,GLU,143,22.057049,12.204342,19.865892,33.32998401711431,63.43099491319504,83.23901824010667
OG,12.239,27.074,50.697,SER,12,OD1,20.583,9.065,43.891,ASP,2,CG,15.478,19.213,38.168,HIS,61,20.982565,12.7198925,15.141409,36.959124720848536,45.701049510230966,97.33982606550286
OG,12.239,27.074,50.697,SER,12,OD1,14.224,46.092,58.074,ASP,153,CG,10.051,37.435,53.227,HIS,157,20.494991,10.763408,10.887545,18.69555183757334,18.91931391914822,142.38513111748168
OG,12.239,27.074,50.697,SER,12,OD2,13.437,47.922,57.155,ASP,153,CG,10.051,37.435,53.227,HIS,157,21.858183,11.699202,10.887545,15.13814735941008,14.065408596543252,150.7964494921405
OG,12.239,27.074,50.697,SER,12,OD1,5.387,31.206,41.745,ASP,45,CG,6.785,30.437,49.744,ASP,9,12.006732,8.156578,6.4779706,39.75227689907372,30.521924324056886,109.72580894004561
OG,12.239,27.074,50.697,SER,12,OD1,-0.978,29.331,48.115,ASP,74,CG,6.785,30.437,49.744,ASP,9,13.654664,8.00881,6.4779706,21.78658168478593,17.470045002212707,140.74339220810305
OG,12.239,27.074,50.697,SER,12,OD2,-2.341,27.714,48.732,ASP,74,CG,6.785,30.437,49.744,ASP,9,14.725734,9.577199,6.4779706,28.861172874142753,19.05578085678456,132.08304953431835
OG,12.239,27.074,50.697,SER,12,OD1,-0.978,29.331,48.115,ASP,74,CG,5.538,30.222,42.494,ASP,45,13.654664,8.651463,11.05,39.24473405040128,53.90351712252791,86.85176161898724
OG,12.239,27.074,50.697,SER,12,OD1,14.224,46.092,58.074,ASP,153,CG,9.051,41.39,55.123,ASP,154,20.494991,7.58796,15.319945,18.018078509743344,38.64588570277699,123.33602736383686
OG,12.239,27.074,50.697,SER,12,OD2,13.437,47.922,57.155,ASP,153,CG,9.051,41.39,55.123,ASP,154,21.858183,8.126073,15.319945,15.152594167978542,29.524469680755224,135.3229358423675
OG,12.239,27.074,50.697,SER,12,OD1,14.224,46.092,58.074,ASP,153,CG,23.349,38.828,58.88,ASP,161,20.494991,11.691064,18.125954,34.554079273688366,61.566222114822295,83.87970158761816
OG,12.239,27.074,50.697,SER,12,OD2,13.437,47.922,57.155,ASP,153,CG,23.349,38.828,58.88,ASP,161,21.858183,13.561868,18.125954,38.23594914837853,55.81066704064993,85.95338431797974
OG,12.239,27.074,50.697,SER,12,OD2,-2.341,27.714,48.732,ASP,74,CG,8.761,26.255,52.391,GLU,69,14.725734,11.780126,3.9543502,36.421814243644675,11.496109541807723,132.08206532632204
OG,12.239,27.074,50.697,SER,12,OD1,20.583,9.065,43.891,ASP,2,CG,10.866,8.906,48.856,GLU,101,20.982565,10.913138,18.31258,31.317332106004717,60.7156453121092,87.96701392242787
OG,12.239,27.074,50.697,SER,12,OD2,20.018,8.696,45.978,ASP,2,CG,10.866,8.906,48.856,GLU,101,20.506891,9.5961485,18.31258,27.895291722280923,63.23029403336192,88.87441531693473
OG,12.239,27.074,50.697,SER,12,OD1,3.344,6.89,57.097,ASP,133,CG,10.866,8.906,48.856,GLU,101,22.966822,11.33838,18.31258,29.200495303561794,51.99460996145833,98.8048957612412
OG,12.239,27.074,50.697,SER,12,OD2,3.85,5.587,55.408,ASP,133,CG,10.866,8.906,48.856,GLU,101,23.542727,10.157202,18.31258,24.206384273698262,47.66669706293638,108.12692075987096
OG,22.634,36.023,45.388,SER,18,OD1,20.583,9.065,43.891,ASP,2,CG,15.478,19.213,38.168,HIS,61,27.077322,12.7198925,19.644665,25.86246771058475,42.35240009918269,111.78513137717381
OG,22.634,36.023,45.388,SER,18,OD2,20.018,8.696,45.978,ASP,2,CG,15.478,19.213,38.168,HIS,61,27.458267,13.864162,19.644665,28.54765339650698,42.62056221167608,108.83179147931926
OG,22.634,36.023,45.388,SER,18,OD1,0.193,14.971,40.104,ASP,94,CG,15.478,19.213,38.168,HIS,61,31.220278,15.980422,19.644665,25.70406610950102,32.220161682672845,122.0757715634754
OG,22.634,36.023,45.388,SER,18,OD2,1.091,16.902,39.568,ASP,94,CG,15.478,19.213,38.168,HIS,61,29.386831,14.638528,19.644665,26.284427534359306,36.46043055137882,117.25514051522975
OG,22.634,36.023,45.388,SER,18,OD1,3.344,6.89,57.097,ASP,133,CG,15.478,19.213,38.168,HIS,61,36.85019,25.639761,19.644665,41.37446068323272,30.4261594965541,108.19938335660139
OG,22.634,36.023,45.388,SER,18,OD2,3.85,5.587,55.408,ASP,133,CG,15.478,19.213,38.168,HIS,61,37.142822,24.861534,19.644665,38.162382791505344,29.224686727144192,112.61293155322417
OG,22.634,36.023,45.388,SER,18,OD1,7.831,30.392,50.429,ASP,9,CG,10.051,37.435,53.227,HIS,157,16.620731,7.8969026,14.892133,28.34999721275105,63.57187448804896,88.07812273132211
OG,22.634,36.023,45.388,SER,18,OD2,5.649,30.198,50.217,ASP,9,CG,10.051,37.435,53.227,HIS,157,18.594088,8.989544,14.892133,28.49891597454044,52.226322625829965,99.27476588164377
OG,22.634,36.023,45.388,SER,18,OD1,-0.978,29.331,48.115,ASP,74,CG,10.051,37.435,53.227,HIS,157,24.693037,14.609798,14.892133,32.81882769638207,33.53582243769691,113.64534702165004
OG,22.634,36.023,45.388,SER,18,OD2,-2.341,27.714,48.732,ASP,74,CG,10.051,37.435,53.227,HIS,157,26.53248,16.378784,14.892133,33.69587905386858,30.29343775923683,116.0106834072007
OG,22.634,36.023,45.388,SER,18,OD1,14.224,46.092,58.074,ASP,153,CG,10.051,37.435,53.227,HIS,157,18.249588,10.763408,14.892133,36.13777823176128,54.68065614058468,89.18157103422308
OG,22.634,36.023,45.388,SER,18,OD2,13.437,47.922,57.155,ASP,153,CG,10.051,37.435,53.227,HIS,157,19.095375,11.699202,14.892133,37.776401062928315,51.23920382556523,90.9843919179571
OG,22.634,36.023,45.388,SER,18,OD1,9.545,40.683,56.024,ASP,154,CG,10.051,37.435,53.227,HIS,157,17.497486,4.316099,14.892133,12.23697177956259,46.99746792095676,120.76557093482747
OG,22.634,36.023,45.388,SER,18,OD2,9.237,41.167,53.907,ASP,154,CG,10.051,37.435,53.227,HIS,157,16.68873,3.8797948,14.892133,12.522729625970195,56.33200842014409,111.14527566632887
OG,22.634,36.023,45.388,SER,18,OD1,3.344,6.89,57.097,ASP,133,CG,20.23,9.472,45.02,ASP,2,36.85019,20.920269,26.66215,33.89131723320106,45.289152150138456,100.81954113506681
OG,22.634,36.023,45.388,SER,18,OD2,3.85,5.587,55.408,ASP,133,CG,20.23,9.472,45.02,ASP,2,37.142822,19.781511,26.66215,30.919425273996065,43.83303895188654,105.2475328145609
OG,22.634,36.023,45.388,SER,18,OD1,0.193,14.971,40.104,ASP,94,CG,6.785,30.437,49.744,ASP,9,31.220278,19.37992,17.359982,33.82528936607359,29.910222758690804,116.26450152247035
OG,22.634,36.023,45.388,SER,18,OD2,1.091,16.902,39.568,ASP,94,CG,6.785,30.437,49.744,ASP,9,29.386831,17.865297,17.359982,34.00894292520739,32.92235293083183,113.06869217594792
OG,22.634,36.023,45.388,SER,18,OD1,3.344,6.89,57.097,ASP,133,CG,6.785,30.437,49.744,ASP,9,36.85019,24.907194,17.359982,35.705591726044425,24.002445101402753,120.29196451154075
OG,22.634,36.023,45.388,SER,18,OD2,3.85,5.587,55.408,ASP,133,CG,6.785,30.437,49.744,ASP,9,37.142822,25.655752,17.359982,37.52668593722519,24.341146096093162,118.13215779065662
OG,22.634,36.023,45.388,SER,18,OD1,20.583,9.065,43.891,ASP,2,CG,27.715,26.219,48.245,ASP,29,27.077322,19.080944,11.406024,36.082713346865965,20.613277914904096,123.3040088603168
OG,22.634,36.023,45.388,SER,18,OD2,20.018,8.696,45.978,ASP,2,CG,27.715,26.219,48.245,ASP,29,27.458267,19.272741,11.406024,35.07721657226905,19.88344922222842,125.03933557277703
OG,22.634,36.023,45.388,SER,18,OD1,24.974,24.845,58.71,ASP,168,CG,27.715,26.219,48.245,ASP,29,17.547049,10.904916,11.406024,37.142946612818704,39.16472036956151,103.69233725977931
OG,22.634,36.023,45.388,SER,18,OD1,-0.978,29.331,48.115,ASP,74,CG,5.538,30.222,42.494,ASP,45,24.693037,8.651463,18.283875,15.719270067084706,34.9294624804285,129.3512669842472
OG,22.634,36.023,45.388,SER,18,OD2,-2.341,27.714,48.732,ASP,74,CG,5.538,30.222,42.494,ASP,45,26.53248,10.35767,18.283875,16.35117039727959,29.799074475048215,133.84974979812887
OG,22.634,36.023,45.388,SER,18,OD1,0.193,14.971,40.104,ASP,94,CG,5.538,30.222,42.494,ASP,45,31.220278,16.336283,18.283875,24.10125935122326,27.19586288934502,128.70287798082322
OG,22.634,36.023,45.388,SER,18,OD2,1.091,16.902,39.568,ASP,94,CG,5.538,30.222,42.494,ASP,45,29.386831,14.344325,18.283875,22.59512118184035,29.323407846257766,128.08144733718004
OG,22.634,36.023,45.388,SER,18,OD1,0.193,14.971,40.104,ASP,94,CG,-1.977,28.911,48.741,ASP,74,31.220278,16.541773,25.836494,31.967106424487028,55.783351944073296,92.24954340718811
OG,22.634,36.023,45.388,SER,18,OD2,1.091,16.902,39.568,ASP,94,CG,-1.977,28.911,48.741,ASP,74,29.386831,15.419877,25.836494,31.60102148895863,61.3997177673908,86.99924992854038
OG,22.634,36.023,45.388,SER,18,OD1,3.344,6.89,57.097,ASP,133,CG,-1.977,28.911,48.741,ASP,74,36.85019,24.146639,25.836494,40.755703747883416,44.308590826999755,94.93569705874152
OG,22.634,36.023,45.388,SER,18,OD2,3.85,5.587,55.408,ASP,133,CG,-1.977,28.911,48.741,ASP,74,37.142822,24.948183,25.836494,42.07140355732422,43.94077828422859,93.9878188885887
OG,22.634,36.023,45.388,SER,18,OD1,3.344,6.89,57.097,ASP,133,CG,1.137,15.788,40.133,ASP,94,36.85019,19.282701,29.986519,31.452570274812775,54.236795763229196,94.31062876780814
OG,22.634,36.023,45.388,SER,18,OD2,3.85,5.587,55.408,ASP,133,CG,1.137,15.788,40.133,ASP,94,37.142822,18.567348,29.986519,29.746772387688768,53.256076014306565,96.9971521804651
OG,22.634,36.023,45.388,SER,18,OD2,5.649,30.198,50.217,ASP,9,CG,9.051,41.39,55.123,ASP,154,18.594088,12.684767,17.552004,40.96114464970243,65.10560920220315,73.93325347143187
OG,22.634,36.023,45.388,SER,18,OD1,14.224,46.092,58.074,ASP,153,CG,23.349,38.828,58.88,ASP,161,18.249588,11.691064,13.799034,39.82997971830903,49.112813579420504,91.0572112771492
OG,22.634,36.023,45.388,SER,18,OD1,-0.978,29.331,48.115,ASP,74,CG,8.761,26.255,52.391,GLU,69,24.693037,11.072219,18.35527,24.62272885861142,43.685430085113325,111.69183910091807
OG,22.634,36.023,45.388,SER,18,OD2,-2.341,27.714,48.732,ASP,74,CG,8.761,26.255,52.391,GLU,69,26.53248,11.780126,18.35527,22.15339976728949,35.98412408099004,121.8624805428419
OG,22.634,36.023,45.388,SER,18,OD1,0.193,14.971,40.104,ASP,94,CG,8.761,26.255,52.391,GLU,69,31.220278,18.753922,18.35527,33.11907592234002,32.32807614851975,114.55285627212189
OG,22.634,36.023,45.388,SER,18,OD2,1.091,16.902,39.568,ASP,94,CG,8.761,26.255,52.391,GLU,69,29.386831,17.627728,18.35527,34.435026464078604,36.0725928649848,109.49238588808889
OG,22.634,36.023,45.388,SER,18,OD1,3.344,6.89,57.097,ASP,133,CG,8.761,26.255,52.391,GLU,69,36.85019,20.65172,18.35527,20.34979363445714,18.003866971150945,141.64636039294413
OG,22.634,36.023,45.388,SER,18,OD2,3.85,5.587,55.408,ASP,133,CG,8.761,26.255,52.391,GLU,69,37.142822,21.456617,18.35527,22.894398230913012,19.43898810370525,137.66664258018494
OG,22.634,36.023,45.388,SER,18,OD1,3.344,6.89,57.097,ASP,133,CG,10.866,8.906,48.856,GLU,101,36.85019,11.33838,29.76314,15.358047208508255,44.04542722491311,120.59654423084974
OG,22.634,36.023,45.388,SER,18,OD2,3.85,5.587,55.408,ASP,133,CG,10.866,8.906,48.856,GLU,101,37.142822,10.157202,29.76314,12.049014585912438,37.711400930111445,130.2395998660149
OG,22.634,36.023,45.388,SER,18,OD1,3.344,6.89,57.097,ASP,133,CG,7.656,27.673,64.002,GLU,142,36.85019,22.320518,25.308968,36.455765359259374,42.357810091325554,101.18642661907057
OG,22.634,36.023,45.388,SER,18,OD2,3.85,5.587,55.408,ASP,133,CG,7.656,27.673,64.002,GLU,142,37.142822,24.002789,25.308968,39.82119005445929,42.47299306959713,97.70580994592177
OG,22.634,36.023,45.388,SER,18,OD1,3.344,6.89,57.097,ASP,133,CG,13.98,27.043,65.636,GLU,143,36.85019,24.334799,23.78053,40.572726606314156,39.46437888535645,99.96289868028019
OG,24.846,34.156,45.413,SER,20,OD1,20.583,9.065,43.891,ASP,2,CG,15.478,19.213,38.168,HIS,61,25.496038,12.7198925,19.066795,28.824326091313726,46.27737783724337,104.89828911185981
OG,24.846,34.156,45.413,SER,20,OD2,20.018,8.696,45.978,ASP,2,CG,15.478,19.213,38.168,HIS,61,25.919884,13.864162,19.066795,31.455261480224387,45.861156772890155,102.68357548723644
OG,24.846,34.156,45.413,SER,20,OD1,0.193,14.971,40.104,ASP,94,CG,15.478,19.213,38.168,HIS,61,31.686274,15.980422,19.066795,23.00822368842556,27.79779375116025,129.19399523953365
OG,24.846,34.156,45.413,SER,20,OD2,1.091,16.902,39.568,ASP,94,CG,15.478,19.213,38.168,HIS,61,29.936007,14.638528,19.066795,23.683753245225272,31.54728116257267,124.76897555137477
OG,24.846,34.156,45.413,SER,20,OD1,3.344,6.89,57.097,ASP,133,CG,15.478,19.213,38.168,HIS,61,36.63723,25.639761,19.066795,41.37239752705806,29.439901386850668,109.18769855070913
OG,24.846,34.156,45.413,SER,20,OD2,3.85,5.587,55.408,ASP,133,CG,15.478,19.213,38.168,HIS,61,36.83639,24.861534,19.066795,38.30078664186658,28.380764126814164,113.31845390787404
OG,24.846,34.156,45.413,SER,20,OD2,5.649,30.198,50.217,ASP,9,CG,10.051,37.435,53.227,HIS,157,20.180906,8.989544,17.050003,26.257599279884953,57.04432139122901,96.69808601244331
OG,24.846,34.156,45.413,SER,20,OD1,-0.978,29.331,48.115,ASP,74,CG,10.051,37.435,53.227,HIS,157,26.409477,14.609798,17.050003,30.654430969657348,36.51392330701258,112.83165185127554
OG,24.846,34.156,45.413,SER,20,OD2,-2.341,27.714,48.732,ASP,74,CG,10.051,37.435,53.227,HIS,157,28.136242,16.378784,17.050003,31.95153109349033,33.42801965799593,114.62044798888911
OG,24.846,34.156,45.413,SER,20,OD1,14.224,46.092,58.074,ASP,153,CG,10.051,37.435,53.227,HIS,157,20.386171,10.763408,17.050003,31.857988375880083,56.73030083763703,91.41171482517582
OG,24.846,34.156,45.413,SER,20,OD2,13.437,47.922,57.155,ASP,153,CG,10.051,37.435,53.227,HIS,157,21.390247,11.699202,17.050003,33.05169715933764,52.64016141364827,94.30814518542726
OG,24.846,34.156,45.413,SER,20,OD1,0.193,14.971,40.104,ASP,94,CG,20.23,9.472,45.02,ASP,2,31.686274,21.35152,25.11497,42.20911596572405,52.20959146875565,85.5812977979388
OG,24.846,34.156,45.413,SER,20,OD1,3.344,6.89,57.097,ASP,133,CG,20.23,9.472,45.02,ASP,2,36.63723,20.920269,25.11497,33.454711393129685,41.43834520849032,105.10694451163356
OG,24.846,34.156,45.413,SER,20,OD2,3.85,5.587,55.408,ASP,133,CG,20.23,9.472,45.02,ASP,2,36.83639,19.781511,25.11497,30.37104127235492,39.9348445297155,109.69411304310472
OG,24.846,34.156,45.413,SER,20,OD1,0.193,14.971,40.104,ASP,94,CG,6.785,30.437,49.744,ASP,9,31.686274,19.37992,18.941708,34.671636567628205,33.780264486565905,111.54810552837483
OG,24.846,34.156,45.413,SER,20,OD2,1.091,16.902,39.568,ASP,94,CG,6.785,30.437,49.744,ASP,9,29.936007,17.865297,18.941708,34.39635733687291,36.79484050554724,108.80880039786595
OG,24.846,34.156,45.413,SER,20,OD1,3.344,6.89,57.097,ASP,133,CG,6.785,30.437,49.744,ASP,9,36.63723,24.907194,18.941708,38.86388871761901,28.501862683510332,112.63424767093079
OG,24.846,34.156,45.413,SER,20,OD2,3.85,5.587,55.408,ASP,133,CG,6.785,30.437,49.744,ASP,9,36.83639,25.655752,18.941708,40.73003205067735,28.799071695909937,110.47090286808452
OG,24.846,34.156,45.413,SER,20,OD1,20.583,9.065,43.891,ASP,2,CG,27.715,26.219,48.245,ASP,29,25.496038,19.080944,8.902097,36.43353662416374,16.085751743409126,127.48071433105481
OG,24.846,34.156,45.413,SER,20,OD2,20.018,8.696,45.978,ASP,2,CG,27.715,26.219,48.245,ASP,29,25.919884,19.272741,8.902097,34.64676070919794,15.224256784886656,130.12897841283058
OG,24.846,34.156,45.413,SER,20,OD1,24.974,24.845,58.71,ASP,168,CG,27.715,26.219,48.245,ASP,29,16.23334,10.904916,8.902097,39.23894136467331,31.089695201748395,109.67136788422859
OG,24.846,34.156,45.413,SER,20,OD1,-0.978,29.331,48.115,ASP,74,CG,5.538,30.222,42.494,ASP,45,26.409477,8.651463,19.919733,14.328882306681578,34.73861782731406,130.9324779273209
OG,24.846,34.156,45.413,SER,20,OD2,-2.341,27.714,48.732,ASP,74,CG,5.538,30.222,42.494,ASP,45,28.136242,10.35767,19.919733,15.308061224124096,30.51325454216682,134.17870365629653
OG,24.846,34.156,45.413,SER,20,OD1,0.193,14.971,40.104,ASP,94,CG,5.538,30.222,42.494,ASP,45,31.686274,16.336283,19.919733,26.068655870330254,32.40110151197329,121.53025014489579
OG,24.846,34.156,45.413,SER,20,OD2,1.091,16.902,39.568,ASP,94,CG,5.538,30.222,42.494,ASP,45,29.936007,14.344325,19.919733,24.273187298520153,34.81097701040243,120.91583622005737
OG,24.846,34.156,45.413,SER,20,OD1,0.193,14.971,40.104,ASP,94,CG,-1.977,28.911,48.741,ASP,74,31.686274,16.541773,27.532871,31.453579185169847,60.28712292248524,88.25930257755442
OG,24.846,34.156,45.413,SER,20,OD1,3.344,6.89,57.097,ASP,133,CG,-1.977,28.911,48.741,ASP,74,36.63723,24.146639,27.532871,41.22925218215949,48.72043585543623,90.05030766097421
OG,24.846,34.156,45.413,SER,20,OD1,3.344,6.89,57.097,ASP,133,CG,1.137,15.788,40.133,ASP,94,36.63723,19.282701,30.45289,31.732901004909994,56.16465822089851,92.10244348806313
OG,24.846,34.156,45.413,SER,20,OD2,3.85,5.587,55.408,ASP,133,CG,1.137,15.788,40.133,ASP,94,36.83639,18.567348,30.45289,30.174155770137034,55.52561954252524,94.30021951711421
OG,24.846,34.156,45.413,SER,20,OD1,-0.978,29.331,48.115,ASP,74,CG,9.051,41.39,55.123,ASP,154,26.409477,17.178835,19.902185,40.575743743447056,48.90045551935299,90.52379916691918
OG,24.846,34.156,45.413,SER,20,OD2,-2.341,27.714,48.732,ASP,74,CG,9.051,41.39,55.123,ASP,154,28.136242,18.911783,19.902185,42.16732442227079,44.947097842834204,92.88556873695238
OG,24.846,34.156,45.413,SER,20,OD1,14.224,46.092,58.074,ASP,153,CG,23.349,38.828,58.88,ASP,161,20.386171,11.691064,14.332787,34.022827122779645,43.310643834493725,102.66651978303895
OG,24.846,34.156,45.413,SER,20,OD2,13.437,47.922,57.155,ASP,153,CG,23.349,38.828,58.88,ASP,161,21.390247,13.561868,14.332787,38.62288078596335,41.27498193955739,100.10214439205974
OG,24.846,34.156,45.413,SER,20,OD1,-0.978,29.331,48.115,ASP,74,CG,8.761,26.255,52.391,GLU,69,26.409477,11.072219,19.231369,21.559686358904322,39.662187312652264,118.7781291560517
OG,24.846,34.156,45.413,SER,20,OD2,-2.341,27.714,48.732,ASP,74,CG,8.761,26.255,52.391,GLU,69,28.136242,11.780126,19.231369,19.08356970454685,32.25913435074265,128.65729233602923
OG,24.846,34.156,45.413,SER,20,OD1,0.193,14.971,40.104,ASP,94,CG,8.761,26.255,52.391,GLU,69,31.686274,18.753922,19.231369,32.99708134307057,33.949428806861434,113.0534991880751
OG,24.846,34.156,45.413,SER,20,OD2,1.091,16.902,39.568,ASP,94,CG,8.761,26.255,52.391,GLU,69,29.936007,17.627728,19.231369,33.93747096831719,37.52277244144286,108.53976686397851
OG,24.846,34.156,45.413,SER,20,OD1,3.344,6.89,57.097,ASP,133,CG,8.761,26.255,52.391,GLU,69,36.63723,20.65172,19.231369,24.16942901323545,22.41279667469846,133.41777222416013
OG,24.846,34.156,45.413,SER,20,OD2,3.85,5.587,55.408,ASP,133,CG,8.761,26.255,52.391,GLU,69,36.83639,21.456617,19.231369,26.64370431381394,23.699116916673468,129.65717734878152
OG,24.846,34.156,45.413,SER,20,OD1,3.344,6.89,57.097,ASP,133,CG,10.866,8.906,48.856,GLU,101,36.63723,11.33838,29.066425,14.861112502127977,41.10863904433059,124.03026550065269
OG,24.846,34.156,45.413,SER,20,OD2,3.85,5.587,55.408,ASP,133,CG,10.866,8.906,48.856,GLU,101,36.83639,10.157202,29.066425,11.474064415573825,34.69821457386736,133.82771376441295
OG,24.846,34.156,45.413,SER,20,OD2,-2.341,27.714,48.732,ASP,74,CG,7.656,27.673,64.002,GLU,142,28.136242,18.251427,26.135729,39.08387209933404,64.52913013728308,76.3869988744141
OG,24.846,34.156,45.413,SER,20,OD1,3.344,6.89,57.097,ASP,133,CG,7.656,27.673,64.002,GLU,142,36.63723,22.320518,26.135729,37.11392544702577,44.95411350741497,97.9319611616636
OG,24.846,34.156,45.413,SER,20,OD2,3.85,5.587,55.408,ASP,133,CG,7.656,27.673,64.002,GLU,142,36.83639,24.002789,26.135729,40.5134434119735,45.0200058211976,94.46655781654464
OG,24.846,34.156,45.413,SER,20,OD1,3.344,6.89,57.097,ASP,133,CG,13.98,27.043,65.636,GLU,143,36.63723,24.334799,24.034029,41.06767267719432,40.45347174564838,98.4788597427954
OG,30.439,15.511,48.13,SER,33,OD1,7.831,30.392,50.429,ASP,9,CG,15.478,19.213,38.168,HIS,61,27.163416,18.269615,18.351507,42.00428290602891,42.235982517185626,95.75973823256192
OG,30.439,15.511,48.13,SER,33,OD2,5.649,30.198,50.217,ASP,9,CG,15.478,19.213,38.168,HIS,61,28.889576,19.038326,18.351507,40.27961663324988,38.54981807377851,101.1705771898497
OG,30.439,15.511,48.13,SER,33,OD1,5.387,31.206,41.745,ASP,45,CG,15.478,19.213,38.168,HIS,61,30.244072,16.076544,18.351507,26.545565809050263,30.673867815965757,122.78057514573412
OG,30.439,15.511,48.13,SER,33,OD2,5.823,29.088,42.059,ASP,45,CG,15.478,19.213,38.168,HIS,61,28.76003,14.348328,18.351507,24.824444416164248,32.47789257258564,122.69766346719732
OG,30.439,15.511,48.13,SER,33,OD1,-0.978,29.331,48.115,ASP,74,CG,15.478,19.213,38.168,HIS,61,34.322304,21.728247,18.351507,34.13668966583516,28.291599645576053,117.57171209518256
OG,30.439,15.511,48.13,SER,33,OD2,-2.341,27.714,48.732,ASP,74,CG,15.478,19.213,38.168,HIS,61,34.98291,22.391558,18.351507,34.41799154150529,27.596628876634277,117.98538368119935
OG,30.439,15.511,48.13,SER,33,OD1,0.193,14.971,40.104,ASP,94,CG,15.478,19.213,38.168,HIS,61,31.297424,15.980422,18.351507,22.543866490914606,26.121491499947094,131.3346647705844
OG,30.439,15.511,48.13,SER,33,OD2,1.091,16.902,39.568,ASP,94,CG,15.478,19.213,38.168,HIS,61,30.603067,14.638528,18.351507,19.463178213687918,24.69044807248308,135.8463718553756
OG,30.439,15.511,48.13,SER,33,OD1,-0.978,29.331,48.115,ASP,74,CG,10.051,37.435,53.227,HIS,157,34.322304,14.609798,30.369587,25.162175072844118,62.10804291639416,92.72978551348695
OG,30.439,15.511,48.13,SER,33,OD2,-2.341,27.714,48.732,ASP,74,CG,10.051,37.435,53.227,HIS,157,34.98291,16.378784,30.369587,27.900186394785887,60.18577777248286,91.91404017370682
OG,30.439,15.511,48.13,SER,33,OD1,14.224,46.092,58.074,ASP,153,CG,10.051,37.435,53.227,HIS,157,36.01398,10.763408,30.369587,15.928880636857693,50.74705777770818,113.32405755176833
OG,30.439,15.511,48.13,SER,33,OD2,13.437,47.922,57.155,ASP,153,CG,10.051,37.435,53.227,HIS,157,37.696045,11.699202,30.369587,15.492654308204077,43.899474435810326,120.60786599506865
OG,30.439,15.511,48.13,SER,33,OD1,0.193,14.971,40.104,ASP,94,CG,20.23,9.472,45.02,ASP,2,31.297424,21.35152,12.262353,28.5841107506366,15.94872812681458,135.46719026888485
OG,30.439,15.511,48.13,SER,33,OD2,1.091,16.902,39.568,ASP,94,CG,20.23,9.472,45.02,ASP,2,30.603067,21.242188,12.262353,32.11564095102965,17.871942906566016,130.01239113820304
OG,30.439,15.511,48.13,SER,33,OD1,3.344,6.89,57.097,ASP,133,CG,20.23,9.472,45.02,ASP,2,29.813885,20.920269,12.262353,34.63900646834039,19.461181679827295,125.89980236561783
OG,30.439,15.511,48.13,SER,33,OD2,3.85,5.587,55.408,ASP,133,CG,20.23,9.472,45.02,ASP,2,29.298975,19.781511,12.262353,30.755978345777255,18.481650263252,130.76237626337334
OG,30.439,15.511,48.13,SER,33,OD2,-2.341,27.714,48.732,ASP,74,CG,6.785,30.437,49.744,ASP,9,34.98291,9.577199,28.016106,12.049404425990206,37.63784484870233,130.31277134600955
OG,30.439,15.511,48.13,SER,33,OD1,0.193,14.971,40.104,ASP,94,CG,6.785,30.437,49.744,ASP,9,31.297424,19.37992,28.016106,37.6299836778277,61.96255874487943,80.40746411871737
OG,30.439,15.511,48.13,SER,33,OD2,1.091,16.902,39.568,ASP,94,CG,6.785,30.437,49.744,ASP,9,30.603067,17.865297,28.016106,35.137594958966964,64.49621292827942,80.36618763438338
OG,30.439,15.511,48.13,SER,33,OD1,14.224,46.092,58.074,ASP,153,CG,6.785,30.437,49.744,ASP,9,36.01398,19.230358,28.016106,31.95766873227277,50.453644561334606,97.5886883176724
OG,30.439,15.511,48.13,SER,33,OD2,13.437,47.922,57.155,ASP,153,CG,6.785,30.437,49.744,ASP,9,37.696045,20.122059,28.016106,31.497069256283307,46.67040459845453,101.83252469075674
OG,30.439,15.511,48.13,SER,33,OD1,9.545,40.683,56.024,ASP,154,CG,6.785,30.437,49.744,ASP,9,33.652695,12.330307,28.016106,20.573818654367923,52.983201890963606,106.44298495798931
OG,30.439,15.511,48.13,SER,33,OD2,9.237,41.167,53.907,ASP,154,CG,6.785,30.437,49.744,ASP,9,33.780598,11.767573,28.016106,19.19649436696239,51.51990454068786,109.283597757219
OG,30.439,15.511,48.13,SER,33,OD1,9.545,40.683,56.024,ASP,154,CG,27.715,26.219,48.245,ASP,29,33.652695,24.492222,11.049645,28.313312469051755,12.355518232830043,139.33116714250437
OG,30.439,15.511,48.13,SER,33,OD2,9.237,41.167,53.907,ASP,154,CG,27.715,26.219,48.245,ASP,29,33.780598,24.432304,11.049645,26.809148162961794,11.769565265137215,141.42128517521735
OG,30.439,15.511,48.13,SER,33,OD1,23.971,38.887,57.797,ASP,161,CG,27.715,26.219,48.245,ASP,29,26.109833,16.301426,11.049645,21.166332965097595,14.167047266008815,144.66663201763168
OG,30.439,15.511,48.13,SER,33,OD2,23.47,39.697,59.774,ASP,161,CG,27.715,26.219,48.245,ASP,29,27.732872,18.237167,11.049645,24.29213371591021,14.433436905128193,141.2744455649469
OG,30.439,15.511,48.13,SER,33,OD1,-0.978,29.331,48.115,ASP,74,CG,5.538,30.222,42.494,ASP,45,34.322304,8.651463,29.465876,12.92700891303037,49.634524405255014,117.4384778039342
OG,30.439,15.511,48.13,SER,33,OD2,-2.341,27.714,48.732,ASP,74,CG,5.538,30.222,42.494,ASP,45,34.98291,10.35767,29.465876,15.69269941914101,50.30581797572694,114.00149232703049
OG,30.439,15.511,48.13,SER,33,OD1,14.224,46.092,58.074,ASP,153,CG,5.538,30.222,42.494,ASP,45,36.01398,23.87551,29.465876,41.26945506029638,54.49297919100022,84.237564920046
OG,30.439,15.511,48.13,SER,33,OD2,13.437,47.922,57.155,ASP,153,CG,5.538,30.222,42.494,ASP,45,37.696045,24.302862,29.465876,40.12672708644621,51.388648332913974,88.48462354066785
OG,30.439,15.511,48.13,SER,33,OD1,9.545,40.683,56.024,ASP,154,CG,5.538,30.222,42.494,ASP,45,33.652695,17.565575,29.465876,31.43215344098568,61.01964025860585,87.54820757925063
OG,30.439,15.511,48.13,SER,33,OD2,9.237,41.167,53.907,ASP,154,CG,5.538,30.222,42.494,ASP,45,33.780598,16.239836,29.465876,28.73259433077612,60.71908467942099,90.54831699675293
OG,30.439,15.511,48.13,SER,33,OD2,13.437,47.922,57.155,ASP,153,CG,-1.977,28.911,48.741,ASP,74,37.696045,25.88059,35.081768,41.46685897118895,63.84568414737462,74.68745658895111
OG,30.439,15.511,48.13,SER,33,OD1,-0.978,29.331,48.115,ASP,74,CG,1.137,15.788,40.133,ASP,94,34.322304,15.861855,30.374922,27.525333947532545,62.24954747597269,90.22513056896337
OG,30.439,15.511,48.13,SER,33,OD2,-2.341,27.714,48.732,ASP,74,CG,1.137,15.788,40.133,ASP,94,34.98291,15.108566,30.374922,25.5005516183315,59.94395189892089,94.5554909849462
OG,30.439,15.511,48.13,SER,33,OD2,-2.341,27.714,48.732,ASP,74,CG,3.213,6.539,55.905,ASP,133,34.98291,23.036482,29.701893,40.70698314108274,57.23493062538576,82.05808988390415
OG,30.439,15.511,48.13,SER,33,OD2,13.437,47.922,57.155,ASP,153,CG,9.051,41.39,55.123,ASP,154,37.696045,8.126073,34.293896,11.780512340640298,59.49842722671275,108.72105561421078
OG,30.439,15.511,48.13,SER,33,OD1,14.224,46.092,58.074,ASP,153,CG,23.349,38.828,58.88,ASP,161,36.01398,11.691064,26.636684,12.943322178203104,30.685684658861845,136.37099377455107
OG,30.439,15.511,48.13,SER,33,OD2,13.437,47.922,57.155,ASP,153,CG,23.349,38.828,58.88,ASP,161,37.696045,13.561868,26.636684,14.22963191221588,28.867776716064714,136.90259129026896
OG,30.439,15.511,48.13,SER,33,OD1,9.545,40.683,56.024,ASP,154,CG,23.349,38.828,58.88,ASP,161,33.652695,14.217884,26.636684,23.836728103487534,49.21149128641228,106.95178105867353
OG,30.439,15.511,48.13,SER,33,OD2,9.237,41.167,53.907,ASP,154,CG,23.349,38.828,58.88,ASP,161,33.780598,15.144313,26.636684,25.721453387417377,49.75933480983966,104.5192122021088
OG,30.439,15.511,48.13,SER,33,OD1,14.224,46.092,58.074,ASP,153,CG,24.438,25.361,59.714,ASP,168,36.01398,23.168724,16.346973,29.237093420000516,20.15822252984302,130.60468312522926
OG,30.439,15.511,48.13,SER,33,OD2,13.437,47.922,57.155,ASP,153,CG,24.438,25.361,59.714,ASP,168,37.696045,25.230324,16.346973,31.426546299932355,19.744319376573504,128.82913748390902
OG,30.439,15.511,48.13,SER,33,OD1,9.545,40.683,56.024,ASP,154,CG,24.438,25.361,59.714,ASP,168,33.652695,21.683662,16.346973,32.34326193017879,23.78594892312177,123.87078778597059
OG,30.439,15.511,48.13,SER,33,OD2,9.237,41.167,53.907,ASP,154,CG,24.438,25.361,59.714,ASP,168,33.780598,22.685266,16.346973,35.97920521144217,25.04598722232312,118.9748078460119
OG,30.439,15.511,48.13,SER,33,OD1,23.971,38.887,57.797,ASP,161,CG,24.438,25.361,59.714,ASP,168,26.109833,13.66915,16.346973,26.776163743404755,32.59935073013309,120.62448191115094
OG,30.439,15.511,48.13,SER,33,OD2,23.47,39.697,59.774,ASP,161,CG,24.438,25.361,59.714,ASP,168,27.732872,14.368768,16.346973,23.755648644242015,27.277275933706875,128.96708585540227
OG,30.439,15.511,48.13,SER,33,OD1,5.387,31.206,41.745,ASP,45,CG,8.761,26.255,52.391,GLU,69,30.244072,12.21612,24.566751,22.888436474182768,51.45864951673317,105.65291208808505
OG,30.439,15.511,48.13,SER,33,OD2,5.823,29.088,42.059,ASP,45,CG,8.761,26.255,52.391,GLU,69,28.76003,11.108913,24.566751,22.31492649575734,57.10624729353472,100.57883629845776
OG,30.439,15.511,48.13,SER,33,OD1,0.193,14.971,40.104,ASP,94,CG,8.761,26.255,52.391,GLU,69,31.297424,18.753922,24.566751,36.79887907967901,51.690352962633845,91.51077606350428
OG,30.439,15.511,48.13,SER,33,OD2,1.091,16.902,39.568,ASP,94,CG,8.761,26.255,52.391,GLU,69,30.603067,17.627728,24.566751,35.15715639457597,53.368420277988804,91.47442168090109
OG,30.439,15.511,48.13,SER,33,OD1,14.224,46.092,58.074,ASP,153,CG,8.761,26.255,52.391,GLU,69,36.01398,21.3459,24.566751,35.25880170041759,41.634325940306205,103.10687009293771
OG,30.439,15.511,48.13,SER,33,OD2,13.437,47.922,57.155,ASP,153,CG,8.761,26.255,52.391,GLU,69,37.696045,22.672,24.566751,35.358983897353916,38.8335835316869,105.80743053978429
OG,30.439,15.511,48.13,SER,33,OD1,9.545,40.683,56.024,ASP,154,CG,8.761,26.255,52.391,GLU,69,33.652695,14.899011,24.566751,23.697956252957106,41.50702652621391,114.79501316919847
OG,30.439,15.511,48.13,SER,33,OD2,9.237,41.167,53.907,ASP,154,CG,8.761,26.255,52.391,GLU,69,33.780598,14.99642,24.566751,23.70153244839652,41.185632583936396,115.11283818950955
OG,30.439,15.511,48.13,SER,33,OD2,-2.341,27.714,48.732,ASP,74,CG,10.866,8.906,48.856,GLU,101,34.98291,22.982191,20.670156,39.06503450711035,34.527587596643755,106.40738176161224
OG,30.439,15.511,48.13,SER,33,OD1,0.193,14.971,40.104,ASP,94,CG,10.866,8.906,48.856,GLU,101,31.297424,15.076294,20.670156,24.270428747677368,34.30211098477849,121.42746473597
OG,30.439,15.511,48.13,SER,33,OD2,1.091,16.902,39.568,ASP,94,CG,10.866,8.906,48.856,GLU,101,30.603067,15.676529,20.670156,27.903680256973278,38.10174704124202,113.99457480380218
OG,30.439,15.511,48.13,SER,33,OD1,3.344,6.89,57.097,ASP,133,CG,10.866,8.906,48.856,GLU,101,29.813885,11.33838,20.670156,15.521745340845271,29.199298633456973,135.27896730711424
OG,30.439,15.511,48.13,SER,33,OD2,3.85,5.587,55.408,ASP,133,CG,10.866,8.906,48.856,GLU,101,29.298975,10.157202,20.670156,12.500269946198484,26.133849396613375,141.3658645137816
OG,30.439,15.511,48.13,SER,33,OD1,-0.978,29.331,48.115,ASP,74,CG,7.656,27.673,64.002,GLU,142,34.322304,18.157412,30.313358,31.866272434188627,61.80932577512358,86.32440532689981
OG,30.439,15.511,48.13,SER,33,OD2,-2.341,27.714,48.732,ASP,74,CG,7.656,27.673,64.002,GLU,142,34.98291,18.251427,30.313358,31.436582693457368,60.024310309754554,88.53911191956337
OG,30.439,15.511,48.13,SER,33,OD1,14.224,46.092,58.074,ASP,153,CG,7.656,27.673,64.002,GLU,142,36.01398,20.433779,30.313358,34.548046529170726,57.27599370374178,88.17596367265654
OG,30.439,15.511,48.13,SER,33,OD2,13.437,47.922,57.155,ASP,153,CG,7.656,27.673,64.002,GLU,142,37.696045,22.143248,30.313358,35.972230668916346,53.52548421756492,90.50228529606011
OG,30.439,15.511,48.13,SER,33,OD1,9.545,40.683,56.024,ASP,154,CG,7.656,27.673,64.002,GLU,142,33.652695,15.377805,30.313358,27.18200829721233,64.22379602790244,88.59419564706172
OG,30.439,15.511,48.13,SER,33,OD2,9.237,41.167,53.907,ASP,154,CG,7.656,27.673,64.002,GLU,142,33.780598,16.926208,30.313358,30.005251687421552,63.58541097601911,86.409339719272
OG,30.439,15.511,48.13,SER,33,OD2,5.649,30.198,50.217,ASP,9,CG,13.98,27.043,65.636,GLU,143,28.889576,17.80745,26.652313,37.124028806682674,64.59778086532326,78.27819013858289
OG,30.439,15.511,48.13,SER,33,OD2,-2.341,27.714,48.732,ASP,74,CG,13.98,27.043,65.636,GLU,143,34.98291,23.506819,26.652313,42.19253702878222,49.59621085153524,88.21125191267105
OG,30.439,15.511,48.13,SER,33,OD1,14.224,46.092,58.074,ASP,153,CG,13.98,27.043,65.636,GLU,143,36.01398,20.49653,26.652313,34.22714867528181,47.004313142142124,98.76853463182688
OG,30.439,15.511,48.13,SER,33,OD2,13.437,47.922,57.155,ASP,153,CG,13.98,27.043,65.636,GLU,143,37.696045,22.542294,26.652313,36.11794685476272,44.18046821897764,99.7015813485114
OG,30.439,15.511,48.13,SER,33,OD1,9.545,40.683,56.024,ASP,154,CG,13.98,27.043,65.636,GLU,143,33.652695,17.265844,26.652313,30.555850901124057,51.69799419178511,97.74615087724737
OG,30.439,15.511,48.13,SER,33,OD2,9.237,41.167,53.907,ASP,154,CG,13.98,27.043,65.636,GLU,143,33.780598,18.96188,26.652313,34.050883574674785,51.908012178670674,94.04110412149596
OG,22.057,18.545,42.522,SER,36,OD2,5.823,29.088,42.059,ASP,45,CG,15.478,19.213,38.168,HIS,61,19.362642,14.348328,7.917498,40.90743733084066,21.182767473410834,117.90979323654884
OG,22.057,18.545,42.522,SER,36,OD1,0.193,14.971,40.104,ASP,94,CG,15.478,19.213,38.168,HIS,61,22.28575,15.980422,7.917498,30.530978853840843,14.5775785591537,134.8914396051162
OG,22.057,18.545,42.522,SER,36,OD2,1.091,16.902,39.568,ASP,94,CG,15.478,19.213,38.168,HIS,61,21.23673,14.638528,7.917498,27.086881953924234,14.257427744477896,138.65569600067633
OG,22.057,18.545,42.522,SER,36,OD2,-2.341,27.714,48.732,ASP,74,CG,10.051,37.435,53.227,HIS,157,26.7936,16.378784,24.81075,36.756637656938466,65.02454411938514,78.21882131685919
OG,22.057,18.545,42.522,SER,36,OD1,14.224,46.092,58.074,ASP,153,CG,10.051,37.435,53.227,HIS,157,32.589226,10.763408,24.81075,15.033373708788403,36.719696352879346,128.24693523722053
OG,22.057,18.545,42.522,SER,36,OD2,13.437,47.922,57.155,ASP,153,CG,10.051,37.435,53.227,HIS,157,33.932835,11.699202,24.81075,14.503531285781156,32.08065050340309,133.41582039629245
OG,22.057,18.545,42.522,SER,36,OD2,23.47,39.697,59.774,ASP,161,CG,10.051,37.435,53.227,HIS,157,27.331944,15.101303,24.81075,33.22346061505958,64.18228347818979,82.59424998371921
OG,22.057,18.545,42.522,SER,36,OD1,-0.978,29.331,48.115,ASP,74,CG,6.785,30.437,49.744,ASP,9,26.042862,8.00881,20.659403,14.68689654080553,40.84531217604567,124.46779234914823
OG,22.057,18.545,42.522,SER,36,OD2,-2.341,27.714,48.732,ASP,74,CG,6.785,30.437,49.744,ASP,9,26.7936,9.577199,20.659403,17.98492007122366,41.763277833577845,120.25180337996126
OG,22.057,18.545,42.522,SER,36,OD1,14.224,46.092,58.074,ASP,153,CG,6.785,30.437,49.744,ASP,9,32.589226,19.230358,20.659403,33.79223502272594,36.692061830632596,109.51570811194108
OG,22.057,18.545,42.522,SER,36,OD2,13.437,47.922,57.155,ASP,153,CG,6.785,30.437,49.744,ASP,9,33.932835,20.122059,20.659403,33.188530119384424,34.195161572036326,112.61631271856385
OG,22.057,18.545,42.522,SER,36,OD1,9.545,40.683,56.024,ASP,154,CG,6.785,30.437,49.744,ASP,9,28.791407,12.330307,20.659403,21.907636154903447,38.69298844118365,119.39937698381758
OG,22.057,18.545,42.522,SER,36,OD2,9.237,41.167,53.907,ASP,154,CG,6.785,30.437,49.744,ASP,9,28.385305,11.767573,20.659403,21.12048264303621,39.24245803076235,119.63706808368715
OG,22.057,18.545,42.522,SER,36,OD1,23.971,38.887,57.797,ASP,161,CG,27.715,26.219,48.245,ASP,29,25.51051,16.301426,11.12007,26.282354899501886,17.581008063739684,136.136634891632
OG,22.057,18.545,42.522,SER,36,OD2,23.47,39.697,59.774,ASP,161,CG,27.715,26.219,48.245,ASP,29,27.331944,18.237167,11.12007,27.72110600511746,16.477281061836106,135.80162043497913
OG,22.057,18.545,42.522,SER,36,OD1,24.974,24.845,58.71,ASP,168,CG,27.715,26.219,48.245,ASP,29,17.61392,10.904916,11.12007,36.478054220998196,37.31846304408818,106.20349203406506
OG,22.057,18.545,42.522,SER,36,OD2,24.95,26.318,60.337,ASP,168,CG,27.715,26.219,48.245,ASP,29,19.651037,12.404498,11.12007,35.46721758774341,31.342737019172496,113.19004027658005
OG,22.057,18.545,42.522,SER,36,OD1,-0.978,29.331,48.115,ASP,74,CG,5.538,30.222,42.494,ASP,45,26.042862,8.651463,20.229445,16.04625101619438,40.26535890517606,123.68839377892476
OG,22.057,18.545,42.522,SER,36,OD2,-2.341,27.714,48.732,ASP,74,CG,5.538,30.222,42.494,ASP,45,26.7936,10.35767,20.229445,19.81646917957759,41.46125202354261,118.72227437878972
OG,22.057,18.545,42.522,SER,36,OD1,9.545,40.683,56.024,ASP,154,CG,5.538,30.222,42.494,ASP,45,28.791407,17.565575,20.229445,37.05546823874713,43.94536523300827,98.99916806636132
OG,22.057,18.545,42.522,SER,36,OD2,9.237,41.167,53.907,ASP,154,CG,5.538,30.222,42.494,ASP,45,28.385305,16.239836,20.229445,34.07793661773673,44.26459185448965,101.65746789719839
OG,22.057,18.545,42.522,SER,36,OD1,9.545,40.683,56.024,ASP,154,CG,-1.977,28.911,48.741,ASP,74,28.791407,18.010511,26.902843,37.54172192398031,65.53132757691269,76.92695759405713
OG,22.057,18.545,42.522,SER,36,OD1,-0.978,29.331,48.115,ASP,74,CG,1.137,15.788,40.133,ASP,94,26.042862,15.861855,21.235695,37.49340847926284,54.57565893871346,87.9309309718017
OG,22.057,18.545,42.522,SER,36,OD2,-2.341,27.714,48.732,ASP,74,CG,1.137,15.788,40.133,ASP,94,26.7936,15.108566,21.235695,34.253958225509464,52.290788659526186,93.45525346226253
OG,22.057,18.545,42.522,SER,36,OD1,14.224,46.092,58.074,ASP,153,CG,9.051,41.39,55.123,ASP,154,32.589226,7.58796,29.151934,12.600303253578888,56.939673640943646,110.46002803216601
OG,22.057,18.545,42.522,SER,36,OD2,13.437,47.922,57.155,ASP,153,CG,9.051,41.39,55.123,ASP,154,33.932835,8.126073,29.151934,11.992055453355434,48.19235838004318,119.81558908309086
OG,22.057,18.545,42.522,SER,36,OD1,14.224,46.092,58.074,ASP,153,CG,23.349,38.828,58.88,ASP,161,32.589226,11.691064,26.089338,19.184266111223135,47.16443106521024,113.65130621574426
OG,22.057,18.545,42.522,SER,36,OD2,13.437,47.922,57.155,ASP,153,CG,23.349,38.828,58.88,ASP,161,33.932835,13.561868,26.089338,21.429546219082745,44.6558492982627,113.91460616362886
OG,22.057,18.545,42.522,SER,36,OD1,9.545,40.683,56.024,ASP,154,CG,23.349,38.828,58.88,ASP,161,28.791407,14.217884,26.089338,29.50640789682443,64.6566938836141,85.83690363730754
OG,22.057,18.545,42.522,SER,36,OD2,9.237,41.167,53.907,ASP,154,CG,23.349,38.828,58.88,ASP,161,28.385305,15.144313,26.089338,31.92850556056473,65.65451142013929,82.41698139730879
OG,22.057,18.545,42.522,SER,36,OD1,23.971,38.887,57.797,ASP,161,CG,24.438,25.361,59.714,ASP,168,25.51051,13.66915,18.6465,31.446746172548583,45.37133178323694,103.18193428551824
OG,22.057,18.545,42.522,SER,36,OD2,23.47,39.697,59.774,ASP,161,CG,24.438,25.361,59.714,ASP,168,27.331944,14.368768,18.6465,29.371829720259328,39.530944840020275,111.09722927384328
OG,22.057,18.545,42.522,SER,36,OD1,7.831,30.392,50.429,ASP,9,CG,8.761,26.255,52.391,GLU,69,20.130852,4.672164,18.2654,12.82603671709022,60.21050818212576,106.96343496088177
OG,22.057,18.545,42.522,SER,36,OD2,5.649,30.198,50.217,ASP,9,CG,8.761,26.255,52.391,GLU,69,21.545948,5.473397,18.2654,12.679961502510036,47.09770447029728,120.22233151739741
OG,22.057,18.545,42.522,SER,36,OD1,5.387,31.206,41.745,ASP,45,CG,8.761,26.255,52.391,GLU,69,20.947397,12.21612,18.2654,35.47380921606067,60.19290674673084,84.33327773379729
OG,22.057,18.545,42.522,SER,36,OD1,-0.978,29.331,48.115,ASP,74,CG,8.761,26.255,52.391,GLU,69,26.042862,11.072219,18.2654,20.817036142935724,35.89234584602588,123.29062318027991
OG,22.057,18.545,42.522,SER,36,OD2,-2.341,27.714,48.732,ASP,74,CG,8.761,26.255,52.391,GLU,69,26.7936,11.780126,18.2654,21.167643322044956,34.04833109305457,124.78401849263307
OG,22.057,18.545,42.522,SER,36,OD1,14.224,46.092,58.074,ASP,153,CG,8.761,26.255,52.391,GLU,69,32.589226,21.3459,18.2654,37.85122944439875,31.672329709565325,110.47644122834947
OG,22.057,18.545,42.522,SER,36,OD2,13.437,47.922,57.155,ASP,153,CG,8.761,26.255,52.391,GLU,69,33.932835,22.672,18.2654,38.43116134602125,30.050485630440214,111.51834837086622
OG,22.057,18.545,42.522,SER,36,OD1,9.545,40.683,56.024,ASP,154,CG,8.761,26.255,52.391,GLU,69,28.791407,14.899011,18.2654,26.58271498564313,33.27091642300978,120.14638017049792
OG,22.057,18.545,42.522,SER,36,OD2,9.237,41.167,53.907,ASP,154,CG,8.761,26.255,52.391,GLU,69,28.385305,14.99642,18.2654,28.129653980846328,35.04651370998969,116.82382828305548
OG,22.057,18.545,42.522,SER,36,OD1,3.344,6.89,57.097,ASP,133,CG,10.866,8.906,48.856,GLU,101,26.42813,11.33838,16.070728,12.852871989225513,18.37848231192077,148.76865979560372
OG,22.057,18.545,42.522,SER,36,OD1,14.224,46.092,58.074,ASP,153,CG,7.656,27.673,64.002,GLU,142,32.589226,20.433779,27.424433,38.61726126111642,56.890967631308584,84.49177375398015
OG,22.057,18.545,42.522,SER,36,OD2,13.437,47.922,57.155,ASP,153,CG,7.656,27.673,64.002,GLU,142,33.932835,22.143248,27.424433,40.59646533795541,53.699820705150394,85.70371218697528
OG,22.057,18.545,42.522,SER,36,OD1,14.224,46.092,58.074,ASP,153,CG,13.98,27.043,65.636,GLU,143,32.589226,20.49653,25.917387,38.953467400372624,52.65172495275659,88.39480800794479
OG,22.057,18.545,42.522,SER,36,OD2,13.437,47.922,57.155,ASP,153,CG,13.98,27.043,65.636,GLU,143,33.932835,22.542294,25.917387,41.61518330666003,49.77894647488735,88.60586976893967
OG,22.057,18.545,42.522,SER,36,OD1,9.545,40.683,56.024,ASP,154,CG,13.98,27.043,65.636,GLU,143,28.791407,17.265844,25.917387,36.31410626509533,62.74235164625194,80.94354502310225
OG,22.057,18.545,42.522,SER,36,OD2,9.237,41.167,53.907,ASP,154,CG,13.98,27.043,65.636,GLU,143,28.385305,18.96188,25.917387,40.55612216186673,62.70948833060201,76.73439042349555
OG,12.225,27.155,46.569,SER,41,OD1,20.583,9.065,43.891,ASP,2,CG,15.478,19.213,38.168,HIS,61,20.106615,12.7198925,12.009755,36.79990403384221,34.442543166925994,108.75754188290857
OG,12.225,27.155,46.569,SER,41,OD1,14.224,46.092,58.074,ASP,153,CG,10.051,37.435,53.227,HIS,157,22.247942,10.763408,12.439199,15.308749815634997,17.765788854092488,146.92548852085952
OG,12.225,27.155,46.569,SER,41,OD2,13.437,47.922,57.155,ASP,153,CG,10.051,37.435,53.227,HIS,157,23.340963,11.699202,12.439199,14.312262068915816,15.238805419171044,150.44891742857249
OG,12.225,27.155,46.569,SER,41,OD1,-0.978,29.331,48.115,ASP,74,CG,6.785,30.437,49.744,ASP,9,13.470126,8.00881,7.102517,28.754378218870965,25.253161574858982,125.99245336126658
OG,12.225,27.155,46.569,SER,41,OD2,-2.341,27.714,48.732,ASP,74,CG,6.785,30.437,49.744,ASP,9,14.736329,9.577199,7.102517,32.837104616068686,23.711899681863443,123.45099759715892
OG,12.225,27.155,46.569,SER,41,OD1,9.545,40.683,56.024,ASP,154,CG,6.785,30.437,49.744,ASP,9,16.720829,12.330307,7.102517,41.46231897527501,22.420383800606334,116.1172968969614
OG,12.225,27.155,46.569,SER,41,OD2,9.237,41.167,53.907,ASP,154,CG,6.785,30.437,49.744,ASP,9,16.09691,11.767573,7.102517,41.565606354573845,23.60648873700146,114.82790507294114
OG,12.225,27.155,46.569,SER,41,OD1,24.974,24.845,58.71,ASP,168,CG,27.715,26.219,48.245,ASP,29,17.75604,10.904916,15.608497,37.45973830054202,60.52126691618668,82.0189918301617
OG,12.225,27.155,46.569,SER,41,OD2,24.95,26.318,60.337,ASP,168,CG,27.715,26.219,48.245,ASP,29,18.766567,12.404498,15.608497,41.029548522895865,55.69044547668041,83.28001520775676
OG,12.225,27.155,46.569,SER,41,OD1,-0.978,29.331,48.115,ASP,74,CG,5.538,30.222,42.494,ASP,45,13.470126,8.651463,8.409999,38.49552407043423,37.23465278887502,104.26982188366495
OG,12.225,27.155,46.569,SER,41,OD1,14.224,46.092,58.074,ASP,153,CG,9.051,41.39,55.123,ASP,154,22.247942,7.58796,16.907999,15.977316630189083,37.831770163718204,126.19092719674913
OG,12.225,27.155,46.569,SER,41,OD2,13.437,47.922,57.155,ASP,153,CG,9.051,41.39,55.123,ASP,154,23.340963,8.126073,16.907999,14.356963346085422,31.06013342809121,134.58289793725064
OG,12.225,27.155,46.569,SER,41,OD1,14.224,46.092,58.074,ASP,153,CG,23.349,38.828,58.88,ASP,161,22.247942,11.691064,20.287016,31.47760193984603,64.97070449649442,83.55169436008343
OG,12.225,27.155,46.569,SER,41,OD2,13.437,47.922,57.155,ASP,153,CG,23.349,38.828,58.88,ASP,161,23.340963,13.561868,20.287016,35.349501502770615,59.93573385382382,84.71475502464712
OG,12.225,27.155,46.569,SER,41,OD1,23.971,38.887,57.797,ASP,161,CG,24.438,25.361,59.714,ASP,168,20.041864,13.66915,18.032383,41.66143554371843,61.2719050607586,77.0666694090226
OG,12.225,27.155,46.569,SER,41,OD2,23.47,39.697,59.774,ASP,161,CG,24.438,25.361,59.714,ASP,168,21.403824,14.368768,18.032383,41.64628237401287,56.50829843062076,81.84541730419012
OG,12.225,27.155,46.569,SER,41,OD2,5.649,30.198,50.217,ASP,9,CG,8.761,26.255,52.391,GLU,69,8.11243,5.473397,6.8341036,41.87880814521342,56.46145597251087,81.65973777306546
OG,12.225,27.155,46.569,SER,41,OD1,20.583,9.065,43.891,ASP,2,CG,10.866,8.906,48.856,GLU,101,20.106615,10.913138,18.441889,32.52631289950467,65.31620064759139,82.15747649272062
OG,12.225,27.155,46.569,SER,41,OD1,3.344,6.89,57.097,ASP,133,CG,10.866,8.906,48.856,GLU,101,24.502678,11.33838,18.441889,26.052108972290657,45.589186700716354,108.35870589549702
OG,12.225,27.155,46.569,SER,41,OD2,3.85,5.587,55.408,ASP,133,CG,10.866,8.906,48.856,GLU,101,24.767866,10.157202,18.441889,21.42885946161156,41.554998881559335,117.0161356772705
OG,11.263,35.54,46.022,SER,43,OD1,20.583,9.065,43.891,ASP,2,CG,15.478,19.213,38.168,HIS,61,28.148344,12.7198925,18.60168,21.16751863308486,31.875139762647642,126.9573421260954
OG,11.263,35.54,46.022,SER,43,OD2,20.018,8.696,45.978,ASP,2,CG,15.478,19.213,38.168,HIS,61,28.235659,13.864162,18.60168,25.12636472508414,34.73010896934109,120.1435285137407
OG,11.263,35.54,46.022,SER,43,OD1,0.193,14.971,40.104,ASP,94,CG,15.478,19.213,38.168,HIS,61,24.096708,15.980422,18.60168,41.51183836822956,50.48781384677497,88.00034538659416
OG,11.263,35.54,46.022,SER,43,OD2,1.091,16.902,39.568,ASP,94,CG,15.478,19.213,38.168,HIS,61,22.192312,14.638528,18.60168,40.880866200921666,56.27179089774546,82.8473437990305
OG,11.263,35.54,46.022,SER,43,OD1,14.224,46.092,58.074,ASP,153,CG,10.051,37.435,53.227,HIS,157,16.289965,10.763408,7.5479813,32.895356775586855,22.38698678873999,124.71765757792228
OG,11.263,35.54,46.022,SER,43,OD2,13.437,47.922,57.155,ASP,153,CG,10.051,37.435,53.227,HIS,157,16.792376,11.699202,7.5479813,37.137682591600644,22.924026435922674,119.93827625479685
OG,11.263,35.54,46.022,SER,43,OD1,9.545,40.683,56.024,ASP,154,CG,10.051,37.435,53.227,HIS,157,11.377255,4.316099,7.5479813,12.335843415889693,21.938829953965794,145.72530794226176
OG,11.263,35.54,46.022,SER,43,OD2,9.237,41.167,53.907,ASP,154,CG,10.051,37.435,53.227,HIS,157,9.896517,3.8797948,7.5479813,20.58325590685319,43.15397063955492,116.2627653026687
OG,11.263,35.54,46.022,SER,43,OD1,3.344,6.89,57.097,ASP,133,CG,20.23,9.472,45.02,ASP,2,31.720478,20.920269,27.585354,40.56343307865981,59.03347514063473,80.40309662437568
OG,11.263,35.54,46.022,SER,43,OD2,3.85,5.587,55.408,ASP,133,CG,20.23,9.472,45.02,ASP,2,32.252625,19.781511,27.585354,37.59603758378588,58.29574899570573,84.1082115374886
OG,11.263,35.54,46.022,SER,43,OD1,-0.978,29.331,48.115,ASP,74,CG,6.785,30.437,49.744,ASP,9,13.884322,8.00881,7.7425046,28.703151687147727,27.665060439753336,123.63178862531042
OG,11.263,35.54,46.022,SER,43,OD2,-2.341,27.714,48.732,ASP,74,CG,6.785,30.437,49.744,ASP,9,15.9266815,9.577199,7.7425046,25.884280851139575,20.666296621683696,133.44942738173458
OG,11.263,35.54,46.022,SER,43,OD1,24.974,24.845,58.71,ASP,168,CG,27.715,26.219,48.245,ASP,29,21.525797,10.904916,19.039198,30.405651704060677,62.0854775029299,87.50887357189998
OG,11.263,35.54,46.022,SER,43,OD2,24.95,26.318,60.337,ASP,168,CG,27.715,26.219,48.245,ASP,29,21.847164,12.404498,19.039198,34.460653256945335,60.28327351277377,85.25607174926893
OG,11.263,35.54,46.022,SER,43,OD1,-0.978,29.331,48.115,ASP,74,CG,5.538,30.222,42.494,ASP,45,13.884322,8.651463,8.573421,36.47809676138847,36.09689999595485,107.42500250261634
OG,11.263,35.54,46.022,SER,43,OD2,-2.341,27.714,48.732,ASP,74,CG,5.538,30.222,42.494,ASP,45,15.9266815,10.35767,8.573421,36.374850092053016,29.3998850224502,114.2252709833908
OG,11.263,35.54,46.022,SER,43,OD1,0.193,14.971,40.104,ASP,94,CG,5.538,30.222,42.494,ASP,45,24.096708,16.336283,8.573421,20.395100453492613,10.538218018593241,149.06666998084108
OG,11.263,35.54,46.022,SER,43,OD2,1.091,16.902,39.568,ASP,94,CG,5.538,30.222,42.494,ASP,45,22.192312,14.344325,8.573421,18.79251496077241,11.101078432952216,150.10641679950612
OG,11.263,35.54,46.022,SER,43,OD1,3.344,6.89,57.097,ASP,133,CG,1.137,15.788,40.133,ASP,94,31.720478,19.282701,22.964272,37.116718923405415,45.94340409953693,96.93988448186124
OG,11.263,35.54,46.022,SER,43,OD2,3.85,5.587,55.408,ASP,133,CG,1.137,15.788,40.133,ASP,94,32.252625,18.567348,22.964272,34.35963657832861,44.2697560997122,101.37060221770177
OG,11.263,35.54,46.022,SER,43,OD2,23.47,39.697,59.774,ASP,161,CG,13.331,46.717,57.467,ASP,153,18.852293,12.545993,16.130404,41.11617685581428,57.721465531865384,81.16235069458477
OG,11.263,35.54,46.022,SER,43,OD1,14.224,46.092,58.074,ASP,153,CG,9.051,41.39,55.123,ASP,154,16.289965,7.58796,11.04281,23.58168611967296,35.60575774927069,120.81255680283404
OG,11.263,35.54,46.022,SER,43,OD2,13.437,47.922,57.155,ASP,153,CG,9.051,41.39,55.123,ASP,154,16.792376,8.126073,11.04281,24.344137602749676,34.06794770581639,121.58791402430798
OG,11.263,35.54,46.022,SER,43,OD1,24.974,24.845,58.71,ASP,168,CG,23.349,38.828,58.88,ASP,161,21.525797,14.078132,17.950224,40.52901639882223,55.95161790303698,83.51937384921241
OG,11.263,35.54,46.022,SER,43,OD2,24.95,26.318,60.337,ASP,168,CG,23.349,38.828,58.88,ASP,161,21.847164,12.6959095,17.950224,35.525962511235015,55.2406257668672,89.23340625355247
OG,11.263,35.54,46.022,SER,43,OD1,3.344,6.89,57.097,ASP,133,CG,-6.436,19.623,52.199,GLU,85,31.720478,16.785948,24.591887,31.57374958895574,50.09259528105313,98.33365534162222
OG,11.263,35.54,46.022,SER,43,OD2,3.85,5.587,55.408,ASP,133,CG,-6.436,19.623,52.199,GLU,85,32.252625,17.69488,24.591887,32.900659603068995,49.016914302980645,98.08242554488913
OG,11.263,35.54,46.022,SER,43,OD1,3.344,6.89,57.097,ASP,133,CG,10.866,8.906,48.856,GLU,101,31.720478,11.33838,26.787294,20.17038772625429,54.5510048819067,105.27861580677359
OG,11.263,35.54,46.022,SER,43,OD2,3.85,5.587,55.408,ASP,133,CG,10.866,8.906,48.856,GLU,101,32.252625,10.157202,26.787294,16.748324698238484,49.462307016127774,113.78935659666652
OG,11.263,35.54,46.022,SER,43,OD2,3.85,5.587,55.408,ASP,133,CG,-4.369,11.475,52.425,GLU,131,32.252625,10.54129,29.402077,18.968830588047393,65.04635325582092,95.98482197833461
OG,-1.509,26.082,46.92,SER,47,OD1,20.583,9.065,43.891,ASP,2,CG,15.478,19.213,38.168,HIS,61,28.050129,12.7198925,20.306128,24.409590875059095,41.2789989248531,114.31141029315903
OG,-1.509,26.082,46.92,SER,47,OD2,20.018,8.696,45.978,ASP,2,CG,15.478,19.213,38.168,HIS,61,27.687038,13.864162,20.306128,28.657127551881,44.61965087283366,106.7232148076404
OG,-1.509,26.082,46.92,SER,47,OD1,27.598,25.739,47.095,ASP,29,CG,15.478,19.213,38.168,HIS,61,29.109547,16.406536,20.306128,33.08442570536511,42.50235591863589,104.41321139673018
OG,-1.509,26.082,46.92,SER,47,OD2,27.773,27.449,48.47,ASP,29,CG,15.478,19.213,38.168,HIS,61,29.354843,18.031363,20.306128,37.25406307551749,42.97813023119201,99.76780243468393
OG,-1.509,26.082,46.92,SER,47,OD1,23.971,38.887,57.797,ASP,161,CG,10.051,37.435,53.227,HIS,157,30.52061,14.722759,17.386848,16.60587162980264,19.72461457342033,143.66951357173633
OG,-1.509,26.082,46.92,SER,47,OD2,23.47,39.697,59.774,ASP,161,CG,10.051,37.435,53.227,HIS,157,31.217686,15.101303,17.386848,14.952585951036564,17.28173585432537,147.76565380220757
OG,-1.509,26.082,46.92,SER,47,OD2,24.95,26.318,60.337,ASP,168,CG,10.051,37.435,53.227,HIS,157,29.66733,19.902765,17.386848,40.34020520284834,34.436751268449314,105.22305076287418
OG,-1.509,26.082,46.92,SER,47,OD2,27.773,27.449,48.47,ASP,29,CG,20.23,9.472,45.02,ASP,2,29.354843,19.79828,27.42419,40.63583597013844,64.43512777728216,74.92904331585312
OG,-1.509,26.082,46.92,SER,47,OD1,27.598,25.739,47.095,ASP,29,CG,6.785,30.437,49.744,ASP,9,29.109547,21.50045,9.784244,32.42374218007713,14.122687568474333,133.45357592321025
OG,-1.509,26.082,46.92,SER,47,OD2,27.773,27.449,48.47,ASP,29,CG,6.785,30.437,49.744,ASP,9,29.354843,21.237877,9.784244,28.169636695101765,12.561549205372215,139.26882623536235
OG,-1.509,26.082,46.92,SER,47,OD1,14.224,46.092,58.074,ASP,153,CG,6.785,30.437,49.744,ASP,9,27.790989,19.230358,9.784244,23.62092017043548,11.763035412818146,144.61604299551192
OG,-1.509,26.082,46.92,SER,47,OD2,13.437,47.922,57.155,ASP,153,CG,6.785,30.437,49.744,ASP,9,28.374702,20.122059,9.784244,26.71986945381261,12.628560253045631,140.65157122280942
OG,-1.509,26.082,46.92,SER,47,OD1,9.545,40.683,56.024,ASP,154,CG,6.785,30.437,49.744,ASP,9,20.451477,12.330307,9.784244,25.253065232991794,19.787074736493132,134.95986496693556
OG,-1.509,26.082,46.92,SER,47,OD2,9.237,41.167,53.907,ASP,154,CG,6.785,30.437,49.744,ASP,9,19.79525,11.767573,9.784244,25.67831221338435,21.11773869522765,133.20395346257735
OG,-1.509,26.082,46.92,SER,47,OD1,24.974,24.845,58.71,ASP,168,CG,6.785,30.437,49.744,ASP,9,29.015232,21.03567,9.784244,29.306479976936167,13.159973234672616,137.53354629203017
OG,-1.509,26.082,46.92,SER,47,OD2,24.95,26.318,60.337,ASP,168,CG,6.785,30.437,49.744,ASP,9,29.66733,21.427671,9.784244,27.115500267378795,12.012193523357292,140.87230723713736
OG,-1.509,26.082,46.92,SER,47,OD1,27.598,25.739,47.095,ASP,29,CG,5.538,30.222,42.494,ASP,45,29.109547,22.976294,9.294582,41.40909528095303,15.519595198852794,123.07128919069632
OG,-1.509,26.082,46.92,SER,47,OD2,27.773,27.449,48.47,ASP,29,CG,5.538,30.222,42.494,ASP,45,29.354843,23.190458,9.294582,41.24470556395622,15.32142401658922,123.43387051036142
OG,-1.509,26.082,46.92,SER,47,OD1,23.971,38.887,57.797,ASP,161,CG,13.331,46.717,57.467,ASP,153,30.52061,13.214665,27.518503,25.656524100858462,64.37403326863942,89.96945766557167
OG,-1.509,26.082,46.92,SER,47,OD2,23.47,39.697,59.774,ASP,161,CG,13.331,46.717,57.467,ASP,153,31.217686,12.545993,27.518503,23.60154272798528,61.423999583500304,94.97446682601607
OG,-1.509,26.082,46.92,SER,47,OD1,23.971,38.887,57.797,ASP,161,CG,9.051,41.39,55.123,ASP,154,30.52061,15.362998,20.325788,26.678616016521804,36.44306574157882,116.87831997295234
OG,-1.509,26.082,46.92,SER,47,OD2,23.47,39.697,59.774,ASP,161,CG,9.051,41.39,55.123,ASP,154,31.217686,15.244854,20.325788,24.446466144386257,33.48864126923674,122.06491179439381
OG,-1.509,26.082,46.92,SER,47,OD1,27.598,25.739,47.095,ASP,29,CG,8.761,26.255,52.391,GLU,69,29.109547,19.574125,11.637641,27.741679145523822,16.06639527894433,136.19192508591553
OG,-1.509,26.082,46.92,SER,47,OD2,27.773,27.449,48.47,ASP,29,CG,8.761,26.255,52.391,GLU,69,29.354843,19.448805,11.637641,25.0678299451059,14.686228385366789,140.2459519753633
OG,-1.509,26.082,46.92,SER,47,OD1,23.971,38.887,57.797,ASP,161,CG,8.761,26.255,52.391,GLU,69,30.52061,20.49723,11.637641,24.42375887288606,13.577545980307805,141.99868989880923
OG,-1.509,26.082,46.92,SER,47,OD2,23.47,39.697,59.774,ASP,161,CG,8.761,26.255,52.391,GLU,69,31.217686,21.249723,11.637641,25.017887228810004,13.391664836838752,141.59046612988993
OG,-1.509,26.082,46.92,SER,47,OD1,20.583,9.065,43.891,ASP,2,CG,10.866,8.906,48.856,GLU,101,28.050129,10.913138,21.258028,20.145927326994684,42.13588390262061,117.71817453592564
OG,-1.509,26.082,46.92,SER,47,OD2,20.018,8.696,45.978,ASP,2,CG,10.866,8.906,48.856,GLU,101,27.687038,9.5961485,21.258028,16.886146099126524,40.05107920473619,123.0627794740025
OG,-1.509,26.082,46.92,SER,47,OD1,3.344,6.89,57.097,ASP,133,CG,-4.369,11.475,52.425,GLU,131,22.258839,10.116333,15.869754,24.08777996162578,39.810698331433365,116.10152905801702
OG,-1.509,26.082,46.92,SER,47,OD2,3.85,5.587,55.408,ASP,133,CG,-4.369,11.475,52.425,GLU,131,22.821264,10.54129,15.869754,24.033656697395514,37.81716867278229,118.14917576095712
OG,-1.509,26.082,46.92,SER,47,OD1,23.971,38.887,57.797,ASP,161,CG,7.656,27.673,64.002,GLU,142,30.52061,20.74693,19.450533,42.21075977658285,39.04110701851633,98.74813273818961
OG,-1.509,26.082,46.92,SER,47,OD2,23.47,39.697,59.774,ASP,161,CG,7.656,27.673,64.002,GLU,142,31.217686,20.31096,19.450533,39.25681220367593,37.30014805546076,103.44303792982747
OG,-1.509,26.082,46.92,SER,47,OD1,24.974,24.845,58.71,ASP,168,CG,7.656,27.673,64.002,GLU,142,29.015232,18.32801,19.450533,38.42306366970399,41.263688905471994,100.31324496393864
OG,-1.509,26.082,46.92,SER,47,OD2,24.95,26.318,60.337,ASP,168,CG,7.656,27.673,64.002,GLU,142,29.66733,17.729937,19.450533,35.10829072758956,39.119234067187016,105.7724803340814
OG,-1.509,26.082,46.92,SER,47,OD1,23.971,38.887,57.797,ASP,161,CG,13.98,27.043,65.636,GLU,143,30.52061,17.365208,24.312988,34.636249996819984,52.72765442206446,92.63608840609197
OG,-1.509,26.082,46.92,SER,47,OD2,23.47,39.697,59.774,ASP,161,CG,13.98,27.043,65.636,GLU,143,31.217686,16.868517,24.312988,32.43965967609691,50.63686352703605,96.92347282153843
OG,-1.509,26.082,46.92,SER,47,OD1,24.974,24.845,58.71,ASP,168,CG,13.98,27.043,65.636,GLU,143,29.015232,13.178345,24.312988,26.80067962869893,56.28952847389574,96.90978394604481
OG,-1.509,26.082,46.92,SER,47,OD2,24.95,26.318,60.337,ASP,168,CG,13.98,27.043,65.636,GLU,143,29.66733,12.204342,24.312988,23.562431117081303,52.7840702551748,103.65349081331152
OG,-1.914,26.749,61.305,SER,122,OD1,20.583,9.065,43.891,ASP,2,CG,15.478,19.213,38.168,HIS,61,33.49756,12.7198925,29.90976,22.22890691280043,62.81791934149028,94.95316773838306
OG,-1.914,26.749,61.305,SER,122,OD1,27.598,25.739,47.095,ASP,29,CG,15.478,19.213,38.168,HIS,61,32.770447,16.406536,29.90976,29.903928478085753,65.34978881851873,84.74628835758355
OG,-1.914,26.749,61.305,SER,122,OD1,27.598,25.739,47.095,ASP,29,CG,10.051,37.435,53.227,HIS,157,32.770447,21.961218,17.961233,39.049439941075015,31.013844892185766,109.93672514024841
OG,-1.914,26.749,61.305,SER,122,OD2,27.773,27.449,48.47,ASP,29,CG,10.051,37.435,53.227,HIS,157,32.35035,20.890633,17.961233,36.618607111976445,30.853406980588574,112.52798727043788
OG,-1.914,26.749,61.305,SER,122,OD1,5.387,31.206,41.745,ASP,45,CG,10.051,37.435,53.227,HIS,157,21.348608,13.870462,17.961233,40.173583525200655,56.65380067637909,83.17261820998311
OG,-1.914,26.749,61.305,SER,122,OD1,14.224,46.092,58.074,ASP,153,CG,10.051,37.435,53.227,HIS,157,25.397362,10.763408,17.961233,20.99263279772079,36.71388356129251,122.29347949664384
OG,-1.914,26.749,61.305,SER,122,OD2,13.437,47.922,57.155,ASP,153,CG,10.051,37.435,53.227,HIS,157,26.479645,11.699202,17.961233,21.188914082790124,33.704381707756454,125.10670375861017
OG,-1.914,26.749,61.305,SER,122,OD1,23.971,38.887,57.797,ASP,161,CG,10.051,37.435,53.227,HIS,157,28.803999,14.722759,17.961233,25.293166656341473,31.41477153786064,123.29207002601903
OG,-1.914,26.749,61.305,SER,122,OD2,23.47,39.697,59.774,ASP,161,CG,10.051,37.435,53.227,HIS,157,28.536678,15.101303,17.961233,27.546358460442903,33.37039340609782,119.08324897962042
OG,-1.914,26.749,61.305,SER,122,OD1,27.598,25.739,47.095,ASP,29,CG,6.785,30.437,49.744,ASP,9,32.770447,21.50045,14.930863,31.479250760599953,21.2618931417708,127.25884761284438
OG,-1.914,26.749,61.305,SER,122,OD2,27.773,27.449,48.47,ASP,29,CG,6.785,30.437,49.744,ASP,9,32.35035,21.237877,14.930863,32.09140086423624,21.931616696478134,125.97698364621075
OG,-1.914,26.749,61.305,SER,122,OD1,5.387,31.206,41.745,ASP,45,CG,6.785,30.437,49.744,ASP,9,21.348608,8.156578,14.930863,16.209446847194144,30.7298588157089,133.06069450407
OG,-1.914,26.749,61.305,SER,122,OD2,5.823,29.088,42.059,ASP,45,CG,6.785,30.437,49.744,ASP,9,20.874403,7.861583,14.930863,16.759924310585824,33.2068050390312,130.03327454499203
OG,-1.914,26.749,61.305,SER,122,OD1,9.545,40.683,56.024,ASP,154,CG,6.785,30.437,49.744,ASP,9,18.79771,12.330307,14.930863,40.90571648930551,52.45942161001539,86.63485616380748
OG,-1.914,26.749,61.305,SER,122,OD2,9.237,41.167,53.907,ASP,154,CG,6.785,30.437,49.744,ASP,9,19.671144,11.767573,14.930863,36.629058356493694,49.20175207295335,94.16919076022604
OG,-1.914,26.749,61.305,SER,122,OD1,0.193,14.971,40.104,ASP,94,CG,5.538,30.222,42.494,ASP,45,24.344263,16.336283,20.529194,41.620238861016915,56.5807699918117,81.79899042104755
OG,-1.914,26.749,61.305,SER,122,OD2,1.091,16.902,39.568,ASP,94,CG,5.538,30.222,42.494,ASP,45,24.051832,14.344325,20.529194,36.466188009325535,58.27858699249815,85.25522254716773
OG,-1.914,26.749,61.305,SER,122,OD1,7.831,30.392,50.429,ASP,9,CG,-1.977,28.911,48.741,ASP,74,15.050709,10.061788,12.748816,41.4099551321615,56.93816187648519,81.6518765151014
OG,-1.914,26.749,61.305,SER,122,OD2,5.649,30.198,50.217,ASP,9,CG,-1.977,28.911,48.741,ASP,74,13.85779,7.8734255,12.748816,34.102221510973415,65.20998292722635,80.68778891252244
OG,-1.914,26.749,61.305,SER,122,OD1,5.387,31.206,41.745,ASP,45,CG,-1.977,28.911,48.741,ASP,74,21.348608,10.413432,12.748816,20.50341538541848,25.392400817926056,134.10418562190776
OG,-1.914,26.749,61.305,SER,122,OD2,5.823,29.088,42.059,ASP,45,CG,-1.977,28.911,48.741,ASP,74,20.874403,10.272317,12.748816,22.211423035221788,27.979886428909722,129.80869218795144
OG,-1.914,26.749,61.305,SER,122,OD1,0.193,14.971,40.104,ASP,94,CG,-1.977,28.911,48.741,ASP,74,24.344263,16.541773,12.748816,39.12387469989278,29.098579389016113,111.77754986699081
OG,-1.914,26.749,61.305,SER,122,OD2,1.091,16.902,39.568,ASP,94,CG,-1.977,28.911,48.741,ASP,74,24.051832,15.419877,12.748816,34.854234502471904,28.196420113827678,116.94933136463014
OG,-1.914,26.749,61.305,SER,122,OD1,20.583,9.065,43.891,ASP,2,CG,1.137,15.788,40.133,ASP,94,33.49756,20.915741,24.035511,38.37866958921869,45.517310034308835,96.10401715136746
OG,-1.914,26.749,61.305,SER,122,OD2,20.018,8.696,45.978,ASP,2,CG,1.137,15.788,40.133,ASP,94,32.27755,20.998875,24.035511,40.57181016614175,48.112279620083314,91.31590823602882
OG,-1.914,26.749,61.305,SER,122,OD1,20.583,9.065,43.891,ASP,2,CG,3.213,6.539,55.905,ASP,133,33.49756,21.27049,21.538113,38.22618728947218,38.79624052376163,102.97756292402522
OG,-1.914,26.749,61.305,SER,122,OD2,20.018,8.696,45.978,ASP,2,CG,3.213,6.539,55.905,ASP,133,32.27755,19.636852,21.538113,36.33020875112524,40.52640549681223,103.14338955241789
OG,-1.914,26.749,61.305,SER,122,OD1,23.971,38.887,57.797,ASP,161,CG,13.331,46.717,57.467,ASP,153,28.803999,13.214665,25.413801,27.305569820489637,61.91117202940757,90.78325565851466
OG,-1.914,26.749,61.305,SER,122,OD2,23.47,39.697,59.774,ASP,161,CG,13.331,46.717,57.467,ASP,153,28.536678,12.545993,25.413801,26.07697480906991,62.92755757727568,90.99547968976488
OG,-1.914,26.749,61.305,SER,122,OD1,14.224,46.092,58.074,ASP,153,CG,9.051,41.39,55.123,ASP,154,25.397362,7.58796,19.308216,11.73510939027299,31.16717864324216,137.09769945639536
OG,-1.914,26.749,61.305,SER,122,OD1,23.971,38.887,57.797,ASP,161,CG,9.051,41.39,55.123,ASP,154,28.803999,15.362998,19.308216,29.671884636297335,38.473801206782966,111.85432731216078
OG,-1.914,26.749,61.305,SER,122,OD2,23.47,39.697,59.774,ASP,161,CG,9.051,41.39,55.123,ASP,154,28.536678,15.244854,19.308216,29.95870780808296,39.23327797698218,110.80802495441645
OG,-1.914,26.749,61.305,SER,122,OD1,27.598,25.739,47.095,ASP,29,CG,23.349,38.828,58.88,ASP,161,32.770447,18.118004,28.106974,33.52849313153954,58.96790864534235,87.50359558838568
OG,-1.914,26.749,61.305,SER,122,OD2,27.773,27.449,48.47,ASP,29,CG,23.349,38.828,58.88,ASP,161,32.35035,16.044361,28.106974,29.732813486111198,60.32297991709476,89.94420477344813
OG,-1.914,26.749,61.305,SER,122,OD1,27.598,25.739,47.095,ASP,29,CG,24.438,25.361,59.714,ASP,168,32.770447,13.014132,26.436445,22.27046794648114,50.33996084826395,107.38958029185794
OG,-1.914,26.749,61.305,SER,122,OD2,27.773,27.449,48.47,ASP,29,CG,24.438,25.361,59.714,ASP,168,32.35035,11.912578,26.436445,20.367187173421893,50.56639696780881,109.06641388586262
OG,-1.914,26.749,61.305,SER,122,OD1,20.583,9.065,43.891,ASP,2,CG,8.761,26.255,52.391,GLU,69,33.49756,22.527887,13.916144,29.897532913014306,17.933169877021562,132.1692963955143
OG,-1.914,26.749,61.305,SER,122,OD2,20.018,8.696,45.978,ASP,2,CG,8.761,26.255,52.391,GLU,69,32.27755,21.821205,13.916144,32.30161995767837,19.925024977327993,127.7733525221065
OG,-1.914,26.749,61.305,SER,122,OD2,27.773,27.449,48.47,ASP,29,CG,8.761,26.255,52.391,GLU,69,32.35035,19.448805,13.916144,16.801578746997606,11.936584038713722,151.26182099954158
OG,-1.914,26.749,61.305,SER,122,OD1,5.387,31.206,41.745,ASP,45,CG,8.761,26.255,52.391,GLU,69,21.348608,12.21612,13.916144,32.668011635207826,37.943643139234744,109.38834877651475
OG,-1.914,26.749,61.305,SER,122,OD2,5.823,29.088,42.059,ASP,45,CG,8.761,26.255,52.391,GLU,69,20.874403,11.108913,13.916144,29.43374828539839,37.99539535746426,112.57084880959393
OG,-1.914,26.749,61.305,SER,122,OD1,23.971,38.887,57.797,ASP,161,CG,8.761,26.255,52.391,GLU,69,28.803999,20.49723,13.916144,41.200430394127935,26.564589752132072,112.23497405007129
OG,-1.914,26.749,61.305,SER,122,OD1,24.974,24.845,58.71,ASP,168,CG,8.761,26.255,52.391,GLU,69,27.079952,17.45793,13.916144,34.357195567407835,26.73455403653282,118.90826505503048
OG,-1.914,26.749,61.305,SER,122,OD2,24.95,26.318,60.337,ASP,168,CG,8.761,26.255,52.391,GLU,69,26.88489,18.034042,13.916144,37.80225414886119,28.227892168043134,113.96986161442061
OG,-1.914,26.749,61.305,SER,122,OD1,0.193,14.971,40.104,ASP,94,CG,-6.436,19.623,52.199,GLU,85,24.344263,14.555884,12.415619,27.76149709176945,23.409679943375547,128.82882644992867
OG,-1.914,26.749,61.305,SER,122,OD2,1.091,16.902,39.568,ASP,94,CG,-6.436,19.623,52.199,GLU,85,24.051832,14.953319,12.415619,31.535153235796482,25.73824562377725,122.72659591502861
OG,-1.914,26.749,61.305,SER,122,OD1,20.583,9.065,43.891,ASP,2,CG,10.866,8.906,48.856,GLU,101,33.49756,10.913138,25.232492,14.079846159150131,34.22739966060761,131.6927459551154
OG,-1.914,26.749,61.305,SER,122,OD2,20.018,8.696,45.978,ASP,2,CG,10.866,8.906,48.856,GLU,101,32.27755,9.5961485,25.232492,13.109794832445404,36.612719564625024,130.27750111057085
OG,-1.914,26.749,61.305,SER,122,OD1,0.193,14.971,40.104,ASP,94,CG,-4.369,11.475,52.425,GLU,131,24.344263,13.59562,17.837503,33.28854455406979,46.06279004922151,100.64867001588955
OG,-1.914,26.749,61.305,SER,122,OD2,1.091,16.902,39.568,ASP,94,CG,-4.369,11.475,52.425,GLU,131,24.051832,14.985538,17.837503,38.43726371569842,47.72866606025167,93.83406758048396
OG,-1.914,26.749,61.305,SER,122,OD1,3.344,6.89,57.097,ASP,133,CG,-4.369,11.475,52.425,GLU,131,20.96983,10.116333,17.837503,28.799033277520387,58.14866311801872,93.05230133438316
OG,-1.914,26.749,61.305,SER,122,OD2,3.85,5.587,55.408,ASP,133,CG,-4.369,11.475,52.425,GLU,131,22.711859,10.54129,17.837503,26.85132549475397,49.84544876512699,103.30322363718348
OG,-1.914,26.749,61.305,SER,122,OD1,27.598,25.739,47.095,ASP,29,CG,7.656,27.673,64.002,GLU,142,32.770447,26.21584,9.985613,42.002424529377755,14.766702449154987,123.23086416994846
OG,-1.914,26.749,61.305,SER,122,OD2,27.773,27.449,48.47,ASP,29,CG,7.656,27.673,64.002,GLU,142,32.35035,25.416271,9.985613,39.25642630240001,14.395444967573573,126.34812435491943
OG,-1.914,26.749,61.305,SER,122,OD1,23.971,38.887,57.797,ASP,161,CG,7.656,27.673,64.002,GLU,142,28.803999,20.74693,9.985613,29.84713080275292,13.859361247928181,136.29348723380758
OG,-1.914,26.749,61.305,SER,122,OD2,23.47,39.697,59.774,ASP,161,CG,7.656,27.673,64.002,GLU,142,28.536678,20.31096,9.985613,28.358405640229496,13.504437487562281,138.13718945654736
OG,-1.914,26.749,61.305,SER,122,OD1,24.974,24.845,58.71,ASP,168,CG,7.656,27.673,64.002,GLU,142,27.079952,18.32801,9.985613,23.19095063700936,12.389219770115574,144.41984015925618
OG,-1.914,26.749,61.305,SER,122,OD2,24.95,26.318,60.337,ASP,168,CG,7.656,27.673,64.002,GLU,142,26.88489,17.729937,9.985613,18.839621338187193,10.478743715837872,150.68163248569346
OG,-1.914,26.749,61.305,SER,122,OD1,27.598,25.739,47.095,ASP,29,CG,13.98,27.043,65.636,GLU,143,32.770447,23.041681,16.476141,41.04325171953887,28.00363933494575,110.95310362879556
OG,-1.914,26.749,61.305,SER,122,OD2,27.773,27.449,48.47,ASP,29,CG,13.98,27.043,65.636,GLU,143,32.35035,22.024607,16.476141,38.6163357310483,27.831822008140847,113.55184365499247
OG,-1.914,26.749,61.305,SER,122,OD1,23.971,38.887,57.797,ASP,161,CG,13.98,27.043,65.636,GLU,143,28.803999,17.365208,16.476141,32.60413149234895,30.74675008220713,116.64911767554581
OG,-1.914,26.749,61.305,SER,122,OD2,23.47,39.697,59.774,ASP,161,CG,13.98,27.043,65.636,GLU,143,28.536678,16.868517,16.476141,31.56067328861017,30.74554708799498,117.6937775279007
OG,-1.914,26.749,61.305,SER,122,OD1,24.974,24.845,58.71,ASP,168,CG,13.98,27.043,65.636,GLU,143,27.079952,13.178345,16.476141,21.34818941044592,27.073434117518477,131.5783915555271
OG,-1.914,26.749,61.305,SER,122,OD2,24.95,26.318,60.337,ASP,168,CG,13.98,27.043,65.636,GLU,143,26.88489,12.204342,16.476141,17.413954753322933,23.830092329206746,138.75595062737446
